ds,y
2007-12-10,8.004937718315858
2007-12-11,8.005215414705992
2007-12-12,8.00547550426416
2007-12-13,8.005717946152473
2007-12-14,8.005942701167879
2007-12-15,8.006149731745305
2007-12-16,8.006339001960582
2007-12-17,8.006510477533226
2007-12-18,8.006664125829095
2007-12-19,8.006799915862901
2007-12-20,8.006917818300558
2007-12-21,8.007017805461386
2007-12-22,8.007099851320207
2007-12-23,8.007163931509226
2007-12-24,8.007210023319836
2007-12-25,8.007238105704232
2007-12-26,8.007248159276902
2007-12-27,8.007240166315956
2007-12-28,8.007214110764304
2007-12-29,8.007169978230717
2007-12-30,8.007107755990724
2007-12-31,8.007027432987353
2008-01-01,8.006928999831729
2008-01-02,8.006812448803537
2008-01-03,8.006677773851338
2008-01-04,8.006524970592723
2008-01-05,8.006354036314349
2008-01-06,8.006164969971785
2008-01-07,8.005957772189248
2008-01-08,8.005732445259184
2008-01-09,8.005488993141714
2008-01-10,8.005227421463882
2008-01-11,8.00494773751884
2008-01-12,8.004649950264815
2008-01-13,8.004334070323985
2008-01-14,8.004000109981144
2008-01-15,8.003648083182311
2008-01-16,8.003278005533096
2008-01-17,8.00288989429701
2008-01-18,8.002483768393565
2008-01-19,8.002059648396274
2008-01-20,8.001617556530466
2008-01-21,8.001157516671011
2008-01-22,8.000679554339838
2008-01-23,8.000183696703347
2008-01-24,7.999669972569711
2008-01-25,7.999138412385936
2008-01-26,7.998589048234894
2008-01-27,7.998021913832133
2008-01-28,7.997437044522574
2008-01-29,7.996834477277069
2008-01-30,7.996214250688833
2008-02-01,7.995576404969677
2008-02-02,7.994920981946164
2008-02-03,7.994248025055632
2008-02-04,7.993557579341995
2008-02-05,7.992849691451478
2008-02-06,7.992124409628223
2008-02-07,7.991381783709684
2008-02-08,7.99062186512195
2008-02-09,7.989844706874934
2008-02-10,7.989050363557356
2008-02-11,7.988238891331658
2008-02-12,7.987410347928776
2008-02-13,7.986564792642734
2008-02-14,7.985702286325168
2008-02-15,7.984822891379634
2008-02-16,7.983926671755883
2008-02-17,7.983013692943897
2008-02-18,7.982084021967901
2008-02-19,7.981137727380144
2008-02-20,7.980174879254607
2008-02-21,7.979195549180585
2008-02-22,7.9781998102561085
2008-02-23,7.977187737081248
2008-02-24,7.976159405751292
2008-02-25,7.975114893849823
2008-02-26,7.974054280441596
2008-02-27,7.972977646065388
2008-02-29,7.97188507272663
2008-03-02,7.970776643889984
2008-03-05,7.9696524444717465
2008-03-06,7.9685125608321545
2008-03-07,7.9673570807675835
2008-03-08,7.966186093502594
2008-03-09,7.964999689681837
2008-03-10,7.963797961361926
2008-03-11,7.962581002003089
2008-03-12,7.9613489064607785
2008-03-13,7.960101770977097
2008-03-14,7.958839693172185
2008-03-15,7.957562772035396
2008-03-16,7.9562711079164785
2008-03-17,7.954964802516497
2008-03-18,7.953643958878765
2008-03-19,7.952308681379627
2008-03-20,7.950959075719069
2008-03-21,7.949595248911318
2008-03-22,7.9482173092752415
2008-03-23,7.946825366424729
2008-03-24,7.945419531258865
2008-03-25,7.943999915952059
2008-03-26,7.942566633944066
2008-03-27,7.941119799929891
2008-03-28,7.93965952984958
2008-03-29,7.938185940877898
2008-03-30,7.93669915141399
2008-03-31,7.9351992810707745
2008-04-01,7.933686450664422
2008-04-02,7.932160782203608
2008-04-03,7.930622398878706
2008-04-04,7.929071425050906
2008-04-05,7.927507986241181
2008-04-06,7.925932209119253
2008-04-07,7.9243442214923165
2008-04-08,7.922744152293837
2008-04-09,7.921132131572135
2008-04-10,7.9195082904789285
2008-04-11,7.917872761257788
2008-04-12,7.916225677232476
2008-04-13,7.9145671727952305
2008-04-14,7.912897383394926
2008-04-15,7.911216445525191
2008-04-16,7.909524496712408
2008-04-17,7.9078216755036514
2008-04-18,7.90610812145451
2008-04-19,7.90438397511686
2008-04-20,7.902649378026573
2008-04-21,7.900904472691085
2008-04-22,7.899149402576949
2008-04-23,7.897384312097275
2008-04-24,7.895609346599103
2008-04-25,7.893824652350722
2008-04-26,7.892030376528851
2008-04-27,7.890226667205863
2008-04-28,7.88841367333681
2008-04-29,7.886591544746467
2008-04-30,7.884760432116291
2008-05-01,7.882920486971255
2008-05-02,7.881071861666703
2008-05-03,7.879214709375105
2008-05-04,7.877349184072699
2008-05-05,7.875475440526142
2008-05-06,7.873593634279088
2008-05-07,7.871703921638646
2008-05-08,7.8698064596618735
2008-05-09,7.867901406142119
2008-05-10,7.865988919595368
2008-05-11,7.864069159246549
2008-05-12,7.862142285015685
2008-05-13,7.860208457504145
2008-05-14,7.858267837980678
2008-05-15,7.856320588367552
2008-05-16,7.8543668712265475
2008-05-17,7.852406849744892
2008-05-18,7.850440687721255
2008-05-19,7.848468549551559
2008-05-20,7.84649060021489
2008-05-21,7.844507005259206
2008-05-22,7.842517930787176
2008-05-23,7.840523543441819
2008-05-24,7.838524010392248
2008-05-25,7.836519499319265
2008-05-26,7.83451017840096
2008-05-27,7.832496216298304
2008-05-28,7.830477782140674
2008-05-29,7.8284550455113635
2008-05-30,7.8264281764330255
2008-05-31,7.824397345353146
2008-06-03,7.822362723129457
2008-06-04,7.8203244810152945
2008-06-05,7.81828279064502
2008-06-06,7.816237824019272
2008-06-07,7.8141897534903535
2008-06-08,7.812138751747516
2008-06-09,7.810084991802206
2008-06-10,7.80802864697334
2008-06-11,7.805969890872533
2008-06-12,7.803908897389322
2008-06-13,7.801845840676359
2008-06-14,7.799780895134649
2008-06-15,7.797714235398662
2008-06-16,7.795646036321572
2008-06-17,7.793576472960365
2008-06-18,7.791505720560991
2008-06-19,7.789433954543554
2008-06-20,7.787361350487397
2008-06-21,7.785288084116274
2008-06-22,7.783214331283446
2008-06-23,7.7811402679568475
2008-06-24,7.779066070204187
2008-06-25,7.77699191417808
2008-06-26,7.774917976101181
2008-06-27,7.77284443225132
2008-06-28,7.770771458946666
2008-06-29,7.7686992325308015
2008-06-30,7.7666279293579565
2008-07-02,7.7645577257781175
2008-07-03,7.76248879812222
2008-07-04,7.760421322687305
2008-07-05,7.758355475721754
2008-07-06,7.75629143341047
2008-07-07,7.754229371860095
2008-07-08,7.752169467084245
2008-07-09,7.750111894988814
2008-07-10,7.748056831357184
2008-07-11,7.746004451835572
2008-07-12,7.743954931918331
2008-08-01,7.741908446933255
2008-08-02,7.7398651720270095
2008-08-03,7.737825282150465
2008-08-04,7.735788952044139
2008-08-05,7.733756356223627
2008-08-06,7.731727668965081
2008-08-07,7.729703064290728
2008-08-08,7.727682715954355
2008-08-09,7.725666797426939
2008-08-10,7.723655481882197
2008-08-11,7.721648942182242
2008-08-12,7.7196473508632595
2008-08-13,7.717650880121221
2008-08-14,7.715659701797593
2008-08-15,7.713673987365196
2008-08-16,7.711693907913966
2008-08-17,7.7097196341368495
2008-08-18,7.7077513363157575
2008-08-19,7.705789184307472
2008-08-20,7.703833347529678
2008-08-21,7.70188399494702
2008-08-22,7.699941295057195
2008-08-23,7.698005415877118
2008-08-24,7.696076524929105
2008-08-25,7.694154789227155
2008-08-26,7.692240375263228
2008-08-27,7.690333448993649
2008-08-28,7.68843417582546
2008-08-29,7.686542720602964
2008-08-30,7.68465924759422
2008-08-31,7.682783920477633
2008-09-01,7.680916902328624
2008-09-02,7.6790583556063154
2008-09-03,7.677208442140329
2008-09-04,7.675367323117613
2008-09-05,7.673535159069335
2008-09-06,7.67171210985786
2008-09-07,7.669898334663777
2008-09-08,7.668093991973014
2008-09-09,7.666299239563987
2008-09-10,7.664514234494835
2008-09-11,7.662739133090773
2008-09-12,7.660974090931402
2008-09-13,7.65921926283824
2008-09-14,7.65747480286219
2008-09-15,7.655740864271167
2008-09-16,7.654017599537793
2008-09-17,7.652305160327099
2008-09-18,7.650603697484438
2008-09-19,7.6489133610233075
2008-09-20,7.647234300113422
2008-09-21,7.645566663068728
2008-09-22,7.643910597335595
2008-09-23,7.642266249481015
2008-09-24,7.64063376518096
2008-09-25,7.639013289208781
2008-09-26,7.637404965423658
2008-09-27,7.635808936759259
2008-09-28,7.634225345212301
2008-09-29,7.632654331831383
2008-09-30,7.631096036705806
2008-10-01,7.629550598954474
2008-10-02,7.628018156714968
2008-10-03,7.626498847132625
2008-10-04,7.624992806349733
2008-10-05,7.6235001694948945
2008-10-06,7.622021070672341
2008-10-07,7.620555642951473
2008-10-08,7.6191040183564445
2008-10-09,7.61766632785581
2008-10-10,7.616242701352351
2008-10-11,7.614833267672919
2008-10-12,7.61343815455844
2008-10-13,7.612057488653959
2008-10-14,7.610691395498852
2008-10-15,7.609339999517091
2008-10-16,7.608003424007597
2008-10-17,7.6066817911348
2008-10-18,7.605375221919129
2008-10-19,7.604083836227798
2008-10-20,7.602807752765532
2008-10-23,7.601547089065506
2008-10-24,7.600301961480354
2008-10-25,7.599072485173269
2008-10-26,7.59785877410923
2008-10-27,7.59666094104637
2008-10-28,7.5954790975273605
2008-10-29,7.594313353870985
2008-10-30,7.593163819163838
2008-10-31,7.592030601252045
2008-11-01,7.590913806733163
2008-11-02,7.589813540948198
2008-11-03,7.588729907973674
2008-11-04,7.587663010613892
2008-11-05,7.586612950393254
2008-11-06,7.585579827548696
2008-11-07,7.584563741022272
2008-11-08,7.583564788453811
2008-11-09,7.582583066173761
2008-11-10,7.5816186691960405
2008-11-11,7.580671691211114
2008-11-12,7.579742224579115
2008-11-13,7.578830360323098
2008-11-14,7.577936188122457
2008-11-15,7.5770597963064015
2008-11-16,7.5762012718475855
2008-11-17,7.5753607003558425
2008-11-18,7.574538166072044
2008-11-19,7.573733751862081
2008-11-20,7.572947539210961
2008-11-21,7.572179608217043
2008-11-22,7.571430037586369
2008-11-23,7.570698904627134
2008-11-24,7.569986285244267
2008-11-25,7.56929225393414
2008-11-26,7.568616883779423
2008-11-27,7.567960246443997
2008-11-28,7.567322412168076
2008-11-29,7.566703449763389
2008-11-30,7.5661034266085085
2008-12-01,7.565522408644291
2008-12-02,7.564960460369502
2008-12-03,7.564417644836429
2008-12-04,7.5638940236467995
2008-12-05,7.563389656947661
2008-12-06,7.562904603427501
2008-12-07,7.562438920312423
2008-12-08,7.561992663362496
2008-12-09,7.561565886868185
2008-12-10,7.561158643646941
2008-12-11,7.560770985039923
2008-12-12,7.560402960908793
2008-12-13,7.560054619632717
2008-12-14,7.5597260081054065
2008-12-15,7.559417171732367
2008-12-16,7.559128154428224
2008-12-17,7.558858998614197
2008-12-18,7.5586097452156595
2008-12-19,7.558380433659915
2008-12-20,7.558171101873983
2008-12-21,7.557981786282625
2008-12-22,7.557812521806417
2008-12-23,7.557663341859983
2008-12-24,7.557534278350353
2008-12-25,7.557425361675453
2008-12-26,7.557336620722696
2008-12-27,7.557268082867758
2008-12-28,7.557219773973375
2008-12-29,7.5571917183884025
2008-12-30,7.557183938946917
2008-12-31,7.557196456967417
2009-01-01,7.557229292252259
2009-01-02,7.557282463087107
2009-01-03,7.557355986240589
2009-01-04,7.55744987696402
2009-01-05,7.557564148991329
2009-01-06,7.557698814538986
2009-01-07,7.55785388430622
2009-01-08,7.55802936747519
2009-01-09,7.5582252717114455
2009-01-10,7.558441603164383
2009-01-11,7.558678366467875
2009-01-12,7.558935564741082
2009-01-13,7.559213199589264
2009-01-14,7.559511271104836
2009-01-15,7.55982977786849
2009-01-16,7.560168716950428
2009-01-17,7.560528083911782
2009-01-18,7.560907872806078
2009-01-19,7.561308076180891
2009-01-20,7.561728685079569
2009-01-21,7.562169689043126
2009-01-22,7.562631076112239
2009-01-23,7.563112832829325
2009-01-24,7.563614944240853
2009-01-25,7.5641373938996095
2009-01-26,7.5646801638672745
2009-01-27,7.565243234716962
2009-01-28,7.565826585535939
2009-01-29,7.5664301939285235
2009-01-30,7.5670540360189875
2009-01-31,7.567698086454641
2009-02-01,7.568362318409079
2009-02-02,7.569046703585459
2009-02-03,7.569751212219939
2009-02-04,7.570475813085245
2009-02-05,7.5712204734943205
2009-02-06,7.571985159304123
2009-02-07,7.5727698349195505
2009-02-08,7.5735744632974
2009-02-09,7.57439900595055
2009-02-10,7.5752434229521874
2009-02-11,7.5761076729401875
2009-02-12,7.576991713121546
2009-02-13,7.577895499277018
2009-02-14,7.5788189857657695
2009-02-15,7.5797621255302285
2009-02-16,7.580724870100987
2009-02-17,7.581707169601813
2009-02-18,7.58270897275486
2009-02-19,7.583730226885844
2009-02-20,7.584770877929453
2009-02-21,7.5858308704348
2009-02-22,7.586910147571018
2009-02-23,7.588008651132897
2009-02-24,7.589126321546749
2009-02-25,7.590263097876228
2009-02-26,7.591418917828406
2009-02-27,7.59259371775982
2009-02-28,7.593787432682715
2009-03-01,7.594999996271333
2009-03-02,7.596231340868375
2009-03-03,7.597481397491483
2009-03-04,7.598750095839837
2009-03-05,7.600037364300945
2009-03-06,7.601343129957397
2009-03-07,7.60266731859382
2009-03-08,7.604009854703877
2009-03-09,7.605370661497393
2009-03-10,7.606749660907562
2009-03-11,7.608146773598241
2009-03-12,7.609561918971392
2009-03-13,7.610995015174529
2009-03-14,7.612445979108335
2009-03-15,7.613914726434351
2009-03-16,7.615401171582739
2009-03-17,7.616905227760161
2009-03-18,7.618426806957715
2009-03-19,7.61996581995903
2009-03-20,7.62152217634833
2009-03-21,7.623095784518738
2009-03-22,7.624686551680526
2009-03-23,7.626294383869561
2009-03-24,7.627919185955743
2009-03-25,7.629560861651616
2009-03-26,7.631219313521003
2009-03-27,7.632894442987751
2009-03-28,7.634586150344523
2009-03-29,7.636294334761747
2009-03-30,7.638018894296545
2009-03-31,7.639759725901831
2009-04-01,7.641516725435444
2009-04-02,7.643289787669336
2009-04-03,7.645078806298911
2009-04-04,7.6468836739523685
2009-04-05,7.648704282200146
2009-04-06,7.6505405215644595
2009-04-07,7.652392281528888
2009-04-08,7.654259450548012
2009-04-09,7.6561419160572095
2009-04-10,7.658039564482399
2009-04-11,7.659952281249967
2009-04-12,7.661879950796699
2009-04-13,7.663822456579777
2009-04-14,7.665779681086877
2009-04-15,7.667751505846327
2009-04-16,7.669737811437288
2009-04-17,7.671738477500065
2009-04-18,7.673753382746403
2009-04-19,7.675782404969948
2009-04-20,7.677825421056648
2009-04-21,7.679882306995308
2009-04-22,7.681952937888181
2009-04-23,7.684037187961575
2009-04-24,7.686134930576577
2009-04-25,7.688246038239784
2009-04-26,7.690370382614149
2009-04-27,7.69250783452979
2009-04-28,7.6946582639949535
2009-04-29,7.696821540206955
2009-04-30,7.698997531563211
2009-05-01,7.701186105672289
2009-05-02,7.703387129365059
2009-05-03,7.7056004687058355
2009-05-04,7.70782598900359
2009-05-05,7.710063554823227
2009-05-06,7.712313029996885
2009-05-07,7.714574277635258
2009-05-08,7.716847160139041
2009-05-09,7.719131539210318
2009-05-10,7.721427275864053
2009-05-11,7.72373423043962
2009-05-12,7.72605226261233
2009-05-13,7.728381231405047
2009-05-14,7.73072099519981
2009-05-15,7.7330714117494965
2009-05-16,7.735432338189498
2009-05-17,7.73780363104952
2009-05-18,7.740185146265287
2009-05-19,7.742576739190378
2009-05-20,7.744978264607997
2009-05-21,7.747389576742929
2009-05-22,7.749810529273345
2009-05-23,7.752240975342755
2009-05-24,7.754680767571936
2009-05-25,7.757129758070904
2009-05-26,7.759587798450919
2009-05-27,7.762054739836477
2009-05-28,7.764530432877361
2009-05-29,7.767014727760707
2009-05-30,7.76950747422306
2009-05-31,7.772008521562494
2009-06-01,7.7745177186507215
2009-06-02,7.777034913945237
2009-06-03,7.779559955501455
2009-06-04,7.78209269098487
2009-06-05,7.78463296768326
2009-06-06,7.78718063251885
2009-06-07,7.789735532060553
2009-06-08,7.792297512536138
2009-06-09,7.794866419844506
2009-06-10,7.797442099567876
2009-06-11,7.800024396984084
2009-06-12,7.80261315707877
2009-06-13,7.805208224557676
2009-06-14,7.807809443858898
2009-06-15,7.8104166591651305
2009-06-16,7.813029714415968
2009-06-17,7.815648453320117
2009-06-18,7.818272719367755
2009-06-19,7.820902355842686
2009-06-20,7.823537205834702
2009-06-21,7.826177112251791
2009-06-22,7.828821917832445
2009-06-23,7.831471465157859
2009-06-24,7.83412559666424
2009-06-25,7.8367841546550014
2009-06-26,7.8394469813130545
2009-06-27,7.842113918712988
2009-06-28,7.844784808833321
2009-06-29,7.847459493568703
2009-06-30,7.850137814742096
2009-07-01,7.852819614116994
2009-07-02,7.85550473340956
2009-07-03,7.858193014300812
2009-07-04,7.86088429844876
2009-07-05,7.8635784275005065
2009-07-06,7.866275243104404
2009-07-07,7.868974586922096
2009-07-08,7.871676300640619
2009-07-09,7.874380225984471
2009-07-10,7.877086204727573
2009-07-11,7.879794078705362
2009-07-12,7.88250368982673
2009-07-13,7.885214880085995
2009-07-14,7.887927491574821
2009-07-15,7.890641366494163
2009-07-16,7.893356347166134
2009-07-17,7.89607227604583
2009-07-18,7.898788995733242
2009-07-19,7.901506348984953
2009-07-20,7.904224178725972
2009-07-21,7.9069423280614535
2009-07-22,7.909660640288412
2009-07-23,7.91237895890734
2009-07-24,7.915097127633939
2009-07-25,7.917814990410628
2009-07-26,7.920532391418174
2009-07-27,7.92324917508719
2009-07-28,7.925965186109626
2009-07-29,7.928680269450246
2009-07-30,7.931394270358001
2009-07-31,7.934107034377467
2009-08-01,7.9368184073600965
2009-08-02,7.939528235475577
2009-08-03,7.942236365223042
2009-08-04,7.944942643442295
2009-08-05,7.947646917324946
2009-08-06,7.950349034425547
2009-08-07,7.95304884267265
2009-08-08,7.955746190379847
2009-08-09,7.958440926256697
2009-08-10,7.961132899419707
2009-08-11,7.96382195940317
2009-08-12,7.966507956170017
2009-08-13,7.969190740122558
2009-08-14,7.971870162113245
2009-08-15,7.974546073455306
2009-08-16,7.977218325933384
2009-08-17,7.979886771814096
2009-08-18,7.982551263856532
2009-08-19,7.985211655322737
2009-08-20,7.9878677999880505
2009-08-21,7.990519552151516
2009-08-22,7.993166766646104
2009-08-23,7.995809298848984
2009-08-24,7.998447004691633
2009-08-25,8.00107974066999
2009-08-26,8.003707363854495
2009-08-27,8.006329731900022
2009-08-28,8.008946703055864
2009-08-29,8.011558136175545
2009-08-30,8.014163890726646
2009-08-31,8.01676382680049
2009-09-01,8.019357805121873
2009-09-02,8.021945687058603
2009-09-03,8.024527334631081
2009-09-04,8.027102610521721
2009-09-05,8.029671378084407
2009-09-06,8.032233501353769
2009-09-07,8.034788845054493
2009-09-08,8.037337274610486
2009-09-09,8.039878656154016
2009-09-10,8.04241285653476
2009-09-11,8.044939743328793
2009-09-12,8.047459184847495
2009-09-13,8.049971050146398
2009-09-14,8.052475209033954
2009-09-15,8.054971532080199
2009-09-16,8.05745989062544
2009-09-17,8.05994015678874
2009-09-18,8.062412203476404
2009-09-19,8.064875904390403
2009-09-20,8.067331134036648
2009-09-21,8.069777767733289
2009-09-22,8.072215681618825
2009-09-24,8.074644752660245
2009-09-28,8.077064858660995
2009-09-29,8.079475878268946
2009-09-30,8.081877690984234
2009-10-01,8.084270177167024
2009-10-02,8.086653218045242
2009-10-03,8.089026695722126
2009-10-04,8.091390493183836
2009-10-05,8.093744494306849
2009-10-06,8.096088583865365
2009-10-07,8.098422647538577
2009-10-08,8.100746571917881
2009-10-09,8.103060244514015
2009-10-10,8.105363553764086
2009-10-11,8.10765638903853
2009-10-12,8.10993864064798
2009-10-13,8.112210199850077
2009-10-17,8.11447095885616
2009-10-18,8.116720810837865
2009-10-19,8.118959649933709
2009-10-20,8.121187371255495
2009-10-21,8.123403870894684
2009-10-22,8.125609045928696
2009-10-23,8.127802794427055
2009-10-24,8.12998501545754
2009-10-25,8.132155609092152
2009-10-26,8.134314476413081
2009-10-27,8.136461519518543
2009-10-28,8.138596641528475
2009-10-29,8.140719746590285
2009-10-30,8.142830739884365
2009-10-31,8.144929527629584
2009-11-01,8.147016017088706
2009-11-02,8.149090116573689
2009-11-03,8.151151735450883
2009-11-04,8.153200784146156
2009-11-05,8.155237174149995
2009-11-06,8.157260818022356
2009-11-07,8.15927162939759
2009-11-08,8.161269522989183
2009-11-09,8.163254414594427
2009-11-10,8.16522622109902
2009-11-11,8.167184860481548
2009-11-12,8.169130251817867
2009-11-13,8.171062315285464
2009-11-14,8.17298097216762
2009-11-16,8.174886144857576
2009-11-17,8.176777756862531
2009-11-18,8.178655732807627
2009-11-19,8.180519998439765
2009-11-20,8.182370480631388
2009-11-21,8.184207107384108
2009-11-23,8.18602980783233
2009-11-24,8.187838512246696
2009-11-25,8.189633152037503
2009-11-26,8.191413659757965
2009-11-27,8.193179969107446
2009-11-28,8.194932014934544
2009-11-29,8.196669733240155
2009-11-30,8.19839306118032
2009-12-01,8.20010193706916
2009-12-02,8.201796300381513
2009-12-03,8.203476091755682
2009-12-04,8.205141252995878
2009-12-05,8.20679172707478
2009-12-06,8.20842745813586
2009-12-07,8.210048391495654
2009-12-08,8.211654473645986
2009-12-09,8.213245652255974
2009-12-10,8.214821876174147
2009-12-11,8.216383095430245
2009-12-12,8.217929261237092
2009-12-13,8.219460325992317
2009-12-14,8.220976243279946
2009-12-15,8.222476967871962
2009-12-16,8.223962455729767
2009-12-17,8.225432664005508
2009-12-18,8.226887551043331
2009-12-19,8.228327076380594
2009-12-20,8.22975120074891
2009-12-21,8.231159886075128
2009-12-22,8.232553095482238
2009-12-23,8.23393079329021
2009-12-24,8.23529294501663
2009-12-25,8.236639517377387
2009-12-26,8.237970478287203
2009-12-27,8.239285796859997
2009-12-28,8.24058544340935
2009-12-29,8.241869389448665
2009-12-30,8.243137607691397
2009-12-31,8.244390072051097
2010-01-01,8.24562675764144
2010-01-02,8.246847640776094
2010-01-03,8.248052698968529
2010-01-04,8.24924191093178
2010-01-05,8.250415256578037
2010-01-06,8.251572717018213
2010-01-07,8.252714274561395
2010-01-08,8.253839912714225
2010-01-09,8.254949616180161
2010-01-10,8.256043370858704
2010-01-11,8.257121163844458
2010-01-12,8.258182983426199
2010-01-13,8.259228819085788
2010-01-14,8.260258661497012
2010-01-15,8.261272502524356
2010-01-16,8.262270335221679
2010-01-17,8.263252153830797
2010-01-18,8.264217953780005
2010-01-19,8.265167731682478
2010-01-20,8.266101485334621
2010-01-21,8.267019213714326
2010-01-22,8.267920916979113
2010-01-25,8.26880659646426
2010-01-26,8.269676254680771
2010-01-27,8.270529895313308
2010-01-28,8.271367523218016
2010-01-29,8.272189144420311
2010-01-30,8.272994766112538
2010-01-31,8.273784396651523
2010-02-01,8.274558045556148
2010-02-02,8.275315723504782
2010-02-03,8.276057442332553
2010-02-04,8.276783215028724
2010-02-05,8.277493055733814
2010-02-06,8.278186979736743
2010-02-07,8.278865003471859
2010-02-09,8.279527144515916
2010-02-10,8.280173421584912
2010-02-11,8.28080385453093
2010-02-12,8.281418464338875
2010-02-13,8.282017273123078
2010-02-14,8.28260030412389
2010-02-15,8.283167581704229
2010-02-16,8.283719131345933
2010-02-17,8.284254979646143
2010-02-18,8.28477515431361
2010-02-19,8.285279684164824
2010-02-20,8.285768599120228
2010-02-21,8.28624193020022
2010-02-22,8.286699709521162
2010-02-24,8.287141970291287
2010-02-25,8.287568746806544
2010-02-26,8.287980074446374
2010-02-27,8.2883759896694
2010-02-28,8.288756530009083
2010-03-01,8.289121734069283
2010-03-02,8.289471641519729
2010-03-03,8.289806293091457
2010-03-04,8.290125730572216
2010-03-05,8.290429996801691
2010-03-06,8.29071913566677
2010-03-07,8.29099319209671
2010-03-08,8.291252212058211
2010-03-09,8.291496242550465
2010-03-10,8.291725331600105
2010-03-11,8.291939528256139
2010-03-12,8.29213888258475
2010-03-13,8.292323445664104
2010-03-14,8.292493269579058
2010-03-15,8.292648407415813
2010-03-16,8.292788913256482
2010-03-17,8.292914842173683
2010-03-18,8.293026250224948
2010-03-19,8.293123194447166
2010-03-20,8.293205732850947
2010-03-21,8.293273924414892
2010-03-22,8.293327829079857
2010-03-23,8.293367507743117
2010-03-24,8.293393022252511
2010-03-25,8.293404435400479
2010-03-26,8.29340181091812
2010-03-27,8.293385213469127
2010-03-28,8.293354708643687
2010-03-29,8.293310362952338
2010-03-30,8.293252243819788
2010-03-31,8.293180419578665
2010-04-01,8.293094959463147
2010-04-02,8.29299593360271
2010-04-03,8.292883413015629
2010-04-04,8.292757469602579
2010-04-05,8.292618176140124
2010-04-06,8.29246560627414
2010-04-07,8.29229983451322
2010-04-08,8.292120936222068
2010-04-09,8.291928987614728
2010-04-10,8.291724065747912
2010-04-11,8.291506248514164
2010-04-12,8.291275614635067
2010-04-13,8.291032243654344
2010-04-14,8.290776215930938
2010-04-15,8.290507612632041
2010-04-16,8.290226515726129
2010-04-17,8.289933007975861
2010-04-18,8.289627172931027
2010-04-19,8.289309094921402
2010-04-20,8.2889788590496
2010-04-21,8.288636551183837
2010-04-22,8.288282257950677
2010-04-23,8.287916066727796
2010-04-24,8.287538065636614
2010-04-25,8.287148343534943
2010-04-26,8.286746990009632
2010-04-27,8.286334095369073
2010-04-28,8.285909750635756
2010-04-29,8.285474047538811
2010-04-30,8.28502707850643
2010-05-01,8.284568936658287
2010-05-02,8.284099715798
2010-05-03,8.28361951040545
2010-05-04,8.283128415629117
2010-05-05,8.282626527278428
2010-05-06,8.282113941815997
2010-05-07,8.281590756349889
2010-05-08,8.28105706862583
2010-05-09,8.280512977019416
2010-05-10,8.279958580528273
2010-05-11,8.279393978764178
2010-05-12,8.27881927194518
2010-05-13,8.278234560887709
2010-05-14,8.277639946998598
2010-05-15,8.277035532267151
2010-05-16,8.276421419257142
2010-05-17,8.275797711098837
2010-05-18,8.275164511480897
2010-05-19,8.27452192464239
2010-05-20,8.27387005536469
2010-05-21,8.273209008963384
2010-05-22,8.272538891280163
2010-05-23,8.27185980867469
2010-05-24,8.27117186801644
2010-05-25,8.270475176676545
2010-05-26,8.269769842519576
2010-05-27,8.269055973895401
2010-05-28,8.268333679630889
2010-05-29,8.267603069021728
2010-05-30,8.266864251824188
2010-05-31,8.266117338246794
2010-06-01,8.265362438942093
2010-06-02,8.26459966499839
2010-06-03,8.263829127931368
2010-06-04,8.263050939675855
2010-06-05,8.262265212577445
2010-06-06,8.261472059384186
2010-06-07,8.26067159323824
2010-06-08,8.259863927667498
2010-06-09,8.259049176577248
2010-06-10,8.258227454241792
2010-06-11,8.25739887529607
2010-06-12,8.256563554727267
2010-06-13,8.255721607866423
2010-06-14,8.254873150380051
2010-06-15,8.254018298261705
2010-06-16,8.253157167823598
2010-06-17,8.252289875688174
2010-06-18,8.25141653877971
2010-06-19,8.25053727431588
2010-06-20,8.249652199799353
2010-06-21,8.248761433009351
2010-06-22,8.247865091993255
2010-06-23,8.246963295058151
2010-06-24,8.246056160762445
2010-06-25,8.245143807907375
2010-06-27,8.244226355528697
2010-06-29,8.243303922888138
2010-06-30,8.242376629465106
2010-07-01,8.241444594948167
2010-07-02,8.24050793922671
2010-07-03,8.239566782382514
2010-07-04,8.238621244681331
2010-07-06,8.237671446564528
2010-07-11,8.236717508640657
2010-07-12,8.2357595516771
2010-07-13,8.234797696591674
2010-07-14,8.23383206444428
2010-07-15,8.232862776428503
2010-07-16,8.231889953863323
2010-07-17,8.230913718184679
2010-07-18,8.229934190937234
2010-07-19,8.228951493765969
2010-07-20,8.227965748407911
2010-07-21,8.226977076683827
2010-07-22,8.225985600489903
2010-07-23,8.224991441789491
2010-07-24,8.223994722604845
2010-07-25,8.22299556500884
2010-07-26,8.221994091116754
2010-07-27,8.22099042307802
2010-07-28,8.219984683068043
2010-07-29,8.218976993279977
2010-07-30,8.217967475916542
2010-07-31,8.216956253181893
2010-08-01,8.215943447273414
2010-08-02,8.214929180373641
2010-08-03,8.2139135746421
2010-08-04,8.212896752207266
2010-08-05,8.211878835158418
2010-08-06,8.210859945537623
2010-08-07,8.209840205331702
2010-08-08,8.208819736464168
2010-08-09,8.207798660787265
2010-08-10,8.206777100073966
2010-08-11,8.205755176010035
2010-08-12,8.204733010186072
2010-08-13,8.203710724089598
2010-08-14,8.202688439097166
2010-08-15,8.201666276466517
2010-08-16,8.200644357328692
2010-08-17,8.199622802680222
2010-08-18,8.198601733375378
2010-08-19,8.197581270118324
2010-08-20,8.196561533455405
2010-08-21,8.195542643767435
2010-08-22,8.194524721261974
2010-08-23,8.19350788596569
2010-08-24,8.19249225771669
2010-08-25,8.191477956156897
2010-08-26,8.190465100724484
2010-08-27,8.189453810646318
2010-08-28,8.188444204930379
2010-08-29,8.187436402358317
2010-08-30,8.186430521477941
2010-08-31,8.18542668059579
2010-09-01,8.184424997769678
2010-09-02,8.183425590801367
2010-09-03,8.182428577229187
2010-09-04,8.181434074320686
2010-09-05,8.180442199065379
2010-09-06,8.179453068167456
2010-09-07,8.17846679803856
2010-09-08,8.177483504790622
2010-09-09,8.176503304228632
2010-09-10,8.175526311843566
2010-09-11,8.174552642805262
2010-09-12,8.173582411955358
2010-09-13,8.172615733800273
2010-09-14,8.171652722504186
2010-09-15,8.170693491882103
2010-09-16,8.169738155392922
2010-09-17,8.168786826132534
2010-09-18,8.167839616826967
2010-09-19,8.166896639825586
2010-09-20,8.165958007094275
2010-09-21,8.165023830208742
2010-09-22,8.164094220347755
2010-09-23,8.163169288286504
2010-09-24,8.16224914438995
2010-09-25,8.161333898606244
2010-09-26,8.160423660460136
2010-09-27,8.159518539046497
2010-09-28,8.158618643023795
2010-09-29,8.157724080607673
2010-09-30,8.15683495956456
2010-10-01,8.155951387205247
2010-10-02,8.155073470378646
2010-10-03,8.15420131546542
2010-10-04,8.15333502837179
2010-10-05,8.152474714523304
2010-10-06,8.151620478858701
2010-10-07,8.150772425823751
2010-10-08,8.14993065936519
2010-10-09,8.14909528292467
2010-10-10,8.148266399432778
2010-10-11,8.147444111303063
2010-10-12,8.1466285204261
2010-10-13,8.145819728163657
2010-10-14,8.145017835342836
2010-10-15,8.14422294225027
2010-10-16,8.143435148626414
2010-10-17,8.142654553659813
2010-10-18,8.14188125598146
2010-10-19,8.141115353659151
2010-10-20,8.140356944191943
2010-10-21,8.1396061245046
2010-10-22,8.138862990942135
2010-10-23,8.138127639264324
2010-10-24,8.137400164640365
2010-10-25,8.136680661643465
2010-10-26,8.135969224245597
2010-10-27,8.135265945812161
2010-10-28,8.134570919096848
2010-10-29,8.133884236236408
2010-10-30,8.133205988745528
2010-10-31,8.132536267511794
2010-11-01,8.131875162790585
2010-11-02,8.131222764200146
2010-11-03,8.130579160716605
2010-11-04,8.129944440669096
2010-11-05,8.12931869173489
2010-11-06,8.128702000934588
2010-11-07,8.128094454627387
2010-11-08,8.12749613850634
2010-11-09,8.12690713759368
2010-11-10,8.126327536236257
2010-11-11,8.12575741810089
2010-11-12,8.125196866169892
2010-11-13,8.124645962736592
2010-11-14,8.124104789400866
2010-11-15,8.123573427064791
2010-11-16,8.123051955928299
2010-11-17,8.122540455484872
2010-11-18,8.12203900451732
2010-11-19,8.121547681093594
2010-11-20,8.121066562562604
2010-11-21,8.120595725550162
2010-11-22,8.120135245954923
2010-11-23,8.119685198944362
2010-11-24,8.119245658950852
2010-11-25,8.118816699667732
2010-11-26,8.118398394045482
2010-11-27,8.117990814287865
2010-11-28,8.11759403184824
2010-11-29,8.117208117425783
2010-11-30,8.116833140961866
2010-12-01,8.116469171636416
2010-12-02,8.11611627786438
2010-12-03,8.115774527292176
2010-12-04,8.115443986794268
2010-12-05,8.1151247224697
2010-12-06,8.114816799638755
2010-12-07,8.114520282839639
2010-12-08,8.114235235825179
2010-12-09,8.113961721559642
2010-12-10,8.113699802215534
2010-12-11,8.113449539170471
2010-12-12,8.11321099300411
2010-12-13,8.112984223495166
2010-12-14,8.112769289618344
2010-12-15,8.11256624954149
2010-12-16,8.112375160622689
2010-12-17,8.112196079407418
2010-12-18,8.112029061625783
2010-12-19,8.111874162189784
2010-12-20,8.111731435190633
2010-12-21,8.111600933896122
2010-12-22,8.111482710748042
2010-12-23,8.111376817359632
2010-12-24,8.111283304513117
2010-12-25,8.111202222157262
2010-12-26,8.111133619404965
2010-12-27,8.111077544530973
2010-12-28,8.111034044969534
2010-12-29,8.111003167312187
2010-12-30,8.110984957305575
2010-12-31,8.110979459849306
2011-01-01,8.110986718993816
2011-01-02,8.111006777938409
2011-01-03,8.11103967902917
2011-01-04,8.111085463757107
2011-01-05,8.111144172756195
2011-01-06,8.111215845801544
2011-01-07,8.111300521807612
2011-01-08,8.111398238826453
2011-01-09,8.11150903404602
2011-01-10,8.11163294378848
2011-01-11,8.111770003508664
2011-01-12,8.11192024779247
2011-01-13,8.112083710355394
2011-01-14,8.112260424041033
2011-01-15,8.112450420819714
2011-01-16,8.11265373178711
2011-01-17,8.112870387162928
2011-01-18,8.113100416289685
2011-01-19,8.11334384763144
2011-01-20,8.113600708772644
2011-01-21,8.113871026417044
2011-01-22,8.114154826386617
2011-01-23,8.114452133620487
2011-01-24,8.114762972174036
2011-01-25,8.115087365217914
2011-01-26,8.115425335037191
2011-01-27,8.11577690303052
2011-01-28,8.116142089709369
2011-01-29,8.116520914697245
2011-01-30,8.116913396729068
2011-01-31,8.117319553650464
2011-02-01,8.117739402417245
2011-02-02,8.118172959094796
2011-02-03,8.11862023885764
2011-02-04,8.119081255988934
2011-02-05,8.119556023880106
2011-02-06,8.12004455503047
2011-02-07,8.120546861046938
2011-02-08,8.121062952643754
2011-02-09,8.12159283964227
2011-02-10,8.122136530970787
2011-02-11,8.12269403466442
2011-02-12,8.123265357865051
2011-02-13,8.123850506821254
2011-02-14,8.124449486888373
2011-02-15,8.125062302528521
2011-02-16,8.12568895731074
2011-02-17,8.126329453911127
2011-02-18,8.126983794113052
2011-02-19,8.127651978807403
2011-02-20,8.128334007992864
2011-02-21,8.129029880776283
2011-02-22,8.129739595373012
2011-02-23,8.130463149107394
2011-02-24,8.131200538413182
2011-02-25,8.131951758834102
2011-02-26,8.132716805024403
2011-02-27,8.133495670749447
2011-02-28,8.1342883488864
2011-03-01,8.135094831424901
2011-03-02,8.135915109467833
2011-03-03,8.136749173232085
2011-03-04,8.137597012049401
2011-03-05,8.138458614367275
2011-03-06,8.139333967749833
2011-03-07,8.14022305887882
2011-03-08,8.141125873554618
2011-03-09,8.142042396697283
2011-03-10,8.14297261234766
2011-03-11,8.143916503668509
2011-03-12,8.144874052945681
2011-03-13,8.145845241589393
2011-03-14,8.146830050135433
2011-03-15,8.147828458246511
2011-03-16,8.148840444713628
2011-03-17,8.149865987457442
2011-03-18,8.150905063529734
2011-03-19,8.151957649114891
2011-03-20,8.153023719531415
2011-03-21,8.154103249233522
2011-03-22,8.15519621181273
2011-03-23,8.156302579999519
2011-03-24,8.157422325665038
2011-03-25,8.158555419822841
2011-03-26,8.159701832630637
2011-03-27,8.16086153339216
2011-03-28,8.162034490558991
2011-03-29,8.163220671732482
2011-03-30,8.164420043665693
2011-03-31,8.165632572265377
2011-04-01,8.166858222594035
2011-04-02,8.168096958871912
2011-04-03,8.169348744479207
2011-04-04,8.170613541958131
2011-04-05,8.17189131301513
2011-04-06,8.17318201852315
2011-04-07,8.17448561852383
2011-04-08,8.175802072229889
2011-04-09,8.177131338027422
2011-04-10,8.178473373478303
2011-04-11,8.17982813532262
2011-04-12,8.18119557948115
2011-04-13,8.182575661057834
2011-04-14,8.183968334342369
2011-04-15,8.185373552812736
2011-04-16,8.186791269137894
2011-04-17,8.188221435180346
2011-04-18,8.189664001998949
2011-04-19,8.191118919851576
2011-04-20,8.192586138197926
2011-04-21,8.19406560570232
2011-04-22,8.195557270236575
2011-04-23,8.197061078882882
2011-04-24,8.198576977936737
2011-04-25,8.20010491290991
2011-04-26,8.201644828533423
2011-04-27,8.203196668760665
2011-04-28,8.20476037677038
2011-04-29,8.206335894969826
2011-04-30,8.207923164997926
2011-05-01,8.209522127728448
2011-05-02,8.211132723273245
2011-05-03,8.212754890985488
2011-05-04,8.214388569462994
2011-05-05,8.21603369655152
2011-05-06,8.217690209348184
2011-05-07,8.219358044204826
2011-05-08,8.221037136731463
2011-05-09,8.22272742179977
2011-05-10,8.224428833546584
2011-05-11,8.22614130537745
2011-05-12,8.22786476997022
2011-05-13,8.229599159278619
2011-05-14,8.231344404535967
2011-05-15,8.233100436258797
2011-05-16,8.234867184250627
2011-05-17,8.236644577605674
2011-05-18,8.23843254471266
2011-05-19,8.240231013258631
2011-05-20,8.242039910232826
2011-05-21,8.243859161930525
2011-05-22,8.245688693957012
2011-05-23,8.24752843123153
2011-05-24,8.24937829799122
2011-05-25,8.25123821779521
2011-05-26,8.253108113528622
2011-05-27,8.254987907406678
2011-05-28,8.256877520978811
2011-05-29,8.258776875132826
2011-05-30,8.26068589009907
2011-05-31,8.262604485454661
2011-06-01,8.264532580127725
2011-06-02,8.266470092401683
2011-06-03,8.268416939919566
2011-06-04,8.270373039688343
2011-06-05,8.272338308083295
2011-06-06,8.274312660852429
2011-06-07,8.276296013120916
2011-06-08,8.278288279395554
2011-06-09,8.280289373569223
2011-06-10,8.282299208925503
2011-06-11,8.284317698143136
2011-06-12,8.286344753300668
2011-06-13,8.288380285881065
2011-06-14,8.290424206776308
2011-06-15,8.292476426292135
2011-06-16,8.294536854152712
2011-06-17,8.296605399505367
2011-06-18,8.298681970925372
2011-06-19,8.300766476420693
2011-06-20,8.302858823436893
2011-06-21,8.304958918861862
2011-06-22,8.307066669030819
2011-06-23,8.309181979731122
2011-06-24,8.31130475620727
2011-06-25,8.313434903165817
2011-06-26,8.315572324780383
2011-06-27,8.317716924696672
2011-06-28,8.319868606037508
2011-06-29,8.322027271407904
2011-06-30,8.324192822900196
2011-07-01,8.326365162099105
2011-07-02,8.328544190086934
2011-07-03,8.330729807448732
2011-07-04,8.33292191427752
2011-07-05,8.335120410179464
2011-07-06,8.33732519427921
2011-07-07,8.339536165225107
2011-07-08,8.34175322119452
2011-07-09,8.343976259899195
2011-07-10,8.3462051785906
2011-07-11,8.348439874065283
2011-07-12,8.350680242670318
2011-07-13,8.352926180308721
2011-07-14,8.355177582444902
2011-07-15,8.35743434411015
2011-07-16,8.359696359908144
2011-07-17,8.36196352402048
2011-07-18,8.364235730212199
2011-07-19,8.3665128718374
2011-07-20,8.368794841844828
2011-07-21,8.371081532783476
2011-07-22,8.373372836808255
2011-07-23,8.375668645685648
2011-07-24,8.377968850799395
2011-07-25,8.380273343156233
2011-07-26,8.382582013391602
2011-07-27,8.3848947517754
2011-07-28,8.387211448217808
2011-07-29,8.389531992274998
2011-07-30,8.391856273155074
2011-07-31,8.394184179723801
2011-08-01,8.396515600510552
2011-08-02,8.398850423714133
2011-08-03,8.40118853720873
2011-08-04,8.403529828549809
2011-08-05,8.405874184980052
2011-08-06,8.408221493435368
2011-08-07,8.41057164055083
2011-08-08,8.412924512666681
2011-08-09,8.415279995834391
2011-08-10,8.417637975822675
2011-08-11,8.419998338123543
2011-08-12,8.422360967958419
2011-08-13,8.42472575028418
2011-08-14,8.427092569799338
2011-08-15,8.429461310950126
2011-08-16,8.431831857936663
2011-08-17,8.434204094719128
2011-08-18,8.436577905023949
2011-08-19,8.438953172349983
2011-08-20,8.441329779974783
2011-08-21,8.443707610960782
2011-08-22,8.44608654816158
2011-08-23,8.448466474228207
2011-08-24,8.450847271615396
2011-08-25,8.453228822587912
2011-08-26,8.45561100922683
2011-08-27,8.45799371343591
2011-08-28,8.460376816947903
2011-08-29,8.462760201330939
2011-08-30,8.465143747994906
2011-08-31,8.467527338197813
2011-09-01,8.469910853052234
2011-09-03,8.472294173531687
2011-09-04,8.474677180477094
2011-09-05,8.477059754603214
2011-09-06,8.479441776505109
2011-09-07,8.481823126664608
2011-09-08,8.484203685456807
2011-09-09,8.486583333156538
2011-09-10,8.488961949944894
2011-09-11,8.491339415915757
2011-09-12,8.493715611082324
2011-09-13,8.49609041538364
2011-09-14,8.498463708691169
2011-09-15,8.500835370815352
2011-09-16,8.503205281512171
2011-09-17,8.505573320489766
2011-09-18,8.507939367415009
2011-09-19,8.5103033019201
2011-09-20,8.512665003609218
2011-09-21,8.515024352065117
2011-09-22,8.517381226855768
2011-09-23,8.51973550754101
2011-09-24,8.522087073679186
2011-09-25,8.524435804833823
2011-09-26,8.526781580580277
2011-09-27,8.529124280512441
2011-09-28,8.531463784249384
2011-09-29,8.533799971442074
2011-09-30,8.536132721780076
2011-10-01,8.538461914998225
2011-10-02,8.540787430883373
2011-10-03,8.543109149281074
2011-10-04,8.545426950102328
2011-10-05,8.54774071333029
2011-10-06,8.550050319027022
2011-10-07,8.552355647340212
2011-10-08,8.554656578509917
2011-10-09,8.556952992875331
2011-10-10,8.559244770881499
2011-10-11,8.561531793086093
2011-10-12,8.563813940166183
2011-10-13,8.566091092924955
2011-10-14,8.568363132298511
2011-10-15,8.570629939362616
2011-10-16,8.572891395339491
2011-10-17,8.575147381604529
2011-10-18,8.577397779693118
2011-10-19,8.579642471307393
2011-10-21,8.581881338323022
2011-10-22,8.584114262795943
2011-10-23,8.586341126969192
2011-10-24,8.588561813279629
2011-10-25,8.59077620436475
2011-10-26,8.59298418306943
2011-10-27,8.595185632452717
2011-10-28,8.597380435794593
2011-10-29,8.59956847660275
2011-10-30,8.601749638619342
2011-10-31,8.603923805827787
2011-11-01,8.606090862459489
2011-11-02,8.608250693000624
2011-11-03,8.61040318219888
2011-11-04,8.612548215070232
2011-11-05,8.614685676905683
2011-11-06,8.616815453278004
2011-11-07,8.618937430048462
2011-11-08,8.621051493373612
2011-11-09,8.623157529711962
2011-11-10,8.625255425830726
2011-11-11,8.627345068812568
2011-11-12,8.62942634606228
2011-11-13,8.63149914531349
2011-11-14,8.633563354635415
2011-11-15,8.635618862439479
2011-11-16,8.637665557486049
2011-11-17,8.639703328891104
2011-11-18,8.641732066132887
2011-11-19,8.6437516590586
2011-11-20,8.645761997891022
2011-11-21,8.647762973235167
2011-11-22,8.649754476084919
2011-11-23,8.651736397829653
2011-11-24,8.653708630260839
2011-11-25,8.655671065578678
2011-11-26,8.657623596398633
2011-11-27,8.659566115758071
2011-11-28,8.661498517122793
2011-11-29,8.663420694393594
2011-11-30,8.665332541912832
2011-12-01,8.667233954470918
2011-12-02,8.669124827312865
2011-12-03,8.671005056144784
2011-12-04,8.672874537140354
2011-12-05,8.67473316694733
2011-12-06,8.676580842693976
2011-12-07,8.678417461995522
2011-12-08,8.680242922960602
2011-12-09,8.682057124197648
2011-12-10,8.683859964821298
2011-12-11,8.685651344458776
2011-12-12,8.687431163256258
2011-12-13,8.689199321885217
2011-12-14,8.690955721548754
2011-12-15,8.692700263987911
2011-12-16,8.69443285148795
2011-12-17,8.696153386884637
2011-12-18,8.697861773570501
2011-12-19,8.699557915501048
2011-12-20,8.701241717201006
2011-12-21,8.702913083770486
2011-12-22,8.70457192089119
2011-12-23,8.706218134832515
2011-12-26,8.707851632457746
2011-12-27,8.709472321230097
2011-12-28,8.711080109218855
2011-12-29,8.712674905105402
2011-12-30,8.714256618189278
2011-12-31,8.715825158394187
2012-01-01,8.717380436273997
2012-01-02,8.718922363018702
2012-01-03,8.720450850460352
2012-01-04,8.72196581107901
2012-01-05,8.723467158008594
2012-01-06,8.724954805042788
2012-01-07,8.726428666640869
2012-01-08,8.727888657933486
2012-01-09,8.729334694728504
2012-01-10,8.730766693516724
2012-01-11,8.732184571477621
2012-01-12,8.733588246485061
2012-01-13,8.734977637112944
2012-01-14,8.736352662640893
2012-01-15,8.737713243059826
2012-01-16,8.73905929907757
2012-01-17,8.740390752124407
2012-01-18,8.741707524358583
2012-01-19,8.743009538671833
2012-01-20,8.744296718694814
2012-01-21,8.745568988802551
2012-01-22,8.746826274119833
2012-01-23,8.74806850052655
2012-01-24,8.74929559466308
2012-01-25,8.750507483935529
2012-01-26,8.751704096521037
2012-01-27,8.752885361372982
2012-01-28,8.754051208226185
2012-01-29,8.755201567602079
2012-01-30,8.7563363708138
2012-01-31,8.757455549971317
2012-02-01,8.75855903798646
2012-02-02,8.759646768577937
2012-02-03,8.760718676276321
2012-02-04,8.761774696428969
2012-02-05,8.76281476520495
2012-02-06,8.763838819599904
2012-02-07,8.764846797440853
2012-02-08,8.765838637390992
2012-02-09,8.766814278954442
2012-02-10,8.767773662480952
2012-02-11,8.768716729170585
2012-02-12,8.7696434210783
2012-02-13,8.770553681118582
2012-02-14,8.771447453069937
2012-02-15,8.77232468157946
2012-02-16,8.773185312167218
2012-02-17,8.774029291230722
2012-02-18,8.774856566049271
2012-02-19,8.77566708478831
2012-02-20,8.776460796503654
2012-02-21,8.77723765114582
2012-02-22,8.77799759956413
2012-02-23,8.77874059351093
2012-02-24,8.779466585645686
2012-02-25,8.780175529538992
2012-02-26,8.780867379676646
2012-02-27,8.781542091463596
2012-02-28,8.782199621227853
2012-02-29,8.782839926224366
2012-03-01,8.783462964638852
2012-03-02,8.784068695591573
2012-03-03,8.784657079141049
2012-03-04,8.785228076287783
2012-03-05,8.785781648977824
2012-03-06,8.786317760106403
2012-03-07,8.786836373521453
2012-03-08,8.787337454027062
2012-03-09,8.78782096738693
2012-03-10,8.788286880327735
2012-03-11,8.788735160542487
2012-03-12,8.78916577669375
2012-03-13,8.78957869841692
2012-03-14,8.789973896323366
2012-03-15,8.790351342003547
2012-03-16,8.790711008030094
2012-03-17,8.791052867960817
2012-03-18,8.791376896341635
2012-03-19,8.791683068709514
2012-03-20,8.791971361595305
2012-03-21,8.792241752526522
2012-03-22,8.792494220030111
2012-03-23,8.792728743635084
2012-03-24,8.79294530387519
2012-03-25,8.793143882291467
2012-03-26,8.793324461434747
2012-03-27,8.79348702486814
2012-03-28,8.793631557169393
2012-03-29,8.793758043933263
2012-03-30,8.79386647177378
2012-03-31,8.793956828326507
2012-04-01,8.794029102250628
2012-04-02,8.794083283231146
2012-04-03,8.79411936198089
2012-04-04,8.79413733024248
2012-04-05,8.794137180790305
2012-04-06,8.794118907432349
2012-04-07,8.794082505012026
2012-04-08,8.794027969409894
2012-04-09,8.793955297545384
2012-04-10,8.793864487378402
2012-04-11,8.793755537910876
2012-04-12,8.793628449188281
2012-04-13,8.793483222301083
2012-04-14,8.793319859386065
2012-04-15,8.793138363627707
2012-04-16,8.792938739259387
2012-04-17,8.792720991564607
2012-04-18,8.792485126878061
2012-04-19,8.792231152586737
2012-04-20,8.79195907713092
2012-04-21,8.791668910005077
2012-04-22,8.791360661758748
2012-04-23,8.791034343997376
2012-04-24,8.790689969382983
2012-04-25,8.790327551634887
2012-04-26,8.789947105530269
2012-04-27,8.789548646904755
2012-04-28,8.789132192652863
2012-04-29,8.788697760728377
2012-05-01,8.788245370144761
2012-05-02,8.787775040975372
2012-05-03,8.787286794353681
2012-05-04,8.786780652473409
2012-05-05,8.786256638588608
2012-05-06,8.785714777013657
2012-05-07,8.785155093123196
2012-05-08,8.784577613351994
2012-05-09,8.783982365194735
2012-05-10,8.783369377205789
2012-05-11,8.782738678998799
2012-05-12,8.782090301246363
2012-05-13,8.781424275679488
2012-05-14,8.780740635087069
2012-05-15,8.780039413315283
2012-05-16,8.779320645266901
2012-05-17,8.778584366900493
2012-05-18,8.777830615229679
2012-05-19,8.777059428322172
2012-05-20,8.776270845298837
2012-05-21,8.775464906332662
2012-05-22,8.774641652647624
2012-05-23,8.77380112651756
2012-05-24,8.77294337126488
2012-05-25,8.77206843125925
2012-05-26,8.771176351916242
2012-05-27,8.77026717969584
2012-05-28,8.76934096210092
2012-05-29,8.768397747675632
2012-05-30,8.767437586003757
2012-05-31,8.766460527706945
2012-06-01,8.765466624442883
2012-06-02,8.76445592890344
2012-06-03,8.763428494812688
2012-06-04,8.762384376924869
2012-06-05,8.761323631022277
2012-06-06,8.760246313913138
2012-06-07,8.759152483429297
2012-06-08,8.758042198423917
2012-06-09,8.756915518769116
2012-06-10,8.755772505353473
2012-06-11,8.7546132200795
2012-06-12,8.753437725861023
2012-06-13,8.752246086620534
2012-06-14,8.751038367286393
2012-06-15,8.74981463379004
2012-06-16,8.748574953063066
2012-06-17,8.747319393034267
2012-06-18,8.746048022626592
2012-06-19,8.744760911754023
2012-06-20,8.743458131318404
2012-06-21,8.74213975320615
2012-06-22,8.74080585028495
2012-06-23,8.739456496400324
2012-06-24,8.73809176637221
2012-06-25,8.736711735991333
2012-06-26,8.735316482015646
2012-06-27,8.733906082166591
2012-06-28,8.732480615125397
2012-06-29,8.731040160529162
2012-06-30,8.729584798967016
2012-07-01,8.728114611976071
2012-07-02,8.72662968203745
2012-07-03,8.72513009257208
2012-07-04,8.723615927936542
2012-07-05,8.722087273418802
2012-07-06,8.72054421523384
2012-07-07,8.718986840519285
2012-07-08,8.717415237330894
2012-07-09,8.715829494637994
2012-07-10,8.714229702318924
2012-07-11,8.712615951156236
2012-07-12,8.710988332832017
2012-07-13,8.709346939923005
2012-07-14,8.707691865895704
2012-07-15,8.706023205101385
2012-07-16,8.704341052771062
2012-07-17,8.702645505010352
2012-07-18,8.700936658794305
2012-07-19,8.69921461196213
2012-07-20,8.697479463211877
2012-07-21,8.695731312095058
2012-07-22,8.693970259011135
2012-07-23,8.692196405202049
2012-07-24,8.690409852746543
2012-07-25,8.688610704554556
2012-07-26,8.686799064361455
2012-07-27,8.684975036722214
2012-07-28,8.683138727005577
2012-07-29,8.681290241388064
2012-07-30,8.679429686848014
2012-07-31,8.677557171159462
2012-08-01,8.675672802886014
2012-08-02,8.673776691374655
2012-08-03,8.671868946749415
2012-08-04,8.669949679905104
2012-08-05,8.668019002500829
2012-08-06,8.666077026953563
2012-08-07,8.664123866431597
2012-08-08,8.66215963484792
2012-08-09,8.660184446853565
2012-08-10,8.658198417830887
2012-08-11,8.656201663886716
2012-08-12,8.654194301845564
2012-08-13,8.652176449242637
2012-08-14,8.650148224316899
2012-08-15,8.648109746003975
2012-08-16,8.64606113392908
2012-08-17,8.644002508399826
2012-08-18,8.641933990398979
2012-08-19,8.639855701577169
2012-08-20,8.637767764245531
2012-08-21,8.635670301368291
2012-08-22,8.633563436555296
2012-08-23,8.631447294054441
2012-08-24,8.6293219987441
2012-08-25,8.627187676125471
2012-08-26,8.625044452314846
2012-08-27,8.622892454035844
2012-08-28,8.62073180861159
2012-08-29,8.61856264395681
2012-08-30,8.616385088569896
2012-08-31,8.6141992715249
2012-09-01,8.61200532246348
2012-09-02,8.609803371586793
2012-09-03,8.607593549647316
2012-09-04,8.605375987940619
2012-09-05,8.603150818297127
2012-09-06,8.600918173073731
2012-09-07,8.598678185145447
2012-09-08,8.596430987896966
2012-09-09,8.594176715214191
2012-09-10,8.591915501475636
2012-09-11,8.589647481543906
2012-09-12,8.587372790757014
2012-09-13,8.585091564919683
2012-09-14,8.58280394029465
2012-09-15,8.580510053593816
2012-09-16,8.578210041969466
2012-09-17,8.575904043005337
2012-09-18,8.573592194707702
2012-09-19,8.571274635496383
2012-09-20,8.568951504195745
2012-09-21,8.566622940025578
2012-09-22,8.564289082592012
2012-09-23,8.561950071878353
2012-09-24,8.559606048235871
2012-09-25,8.55725715237452
2012-09-26,8.5549035253537
2012-09-27,8.552545308572864
2012-09-28,8.550182643762177
2012-09-29,8.547815672973082
2012-09-30,8.545444538568823
2012-10-01,8.54306938321499
2012-10-02,8.540690349869926
2012-10-03,8.538307581775198
2012-10-04,8.53592122244593
2012-10-05,8.533531415661201
2012-10-06,8.531138305454316
2012-10-07,8.528742036103077
2012-10-08,8.526342752120069
2012-10-09,8.523940598242797
2012-10-10,8.521535719423891
2012-10-11,8.519128260821251
2012-10-12,8.516718367788112
2012-10-13,8.514306185863145
2012-10-14,8.51189186076048
2012-10-15,8.509475538359725
2012-10-16,8.507057364695921
2012-10-17,8.50463748594951
2012-10-18,8.502216048436242
2012-10-19,8.49979319859707
2012-10-20,8.497369082988012
2012-10-21,8.49494384827
2012-10-22,8.492517641198637
2012-10-23,8.490090608614077
2012-10-24,8.487662897430681
2012-10-25,8.485234654626844
2012-10-26,8.48280602723462
2012-10-27,8.4803771623295
2012-10-28,8.477948207020017
2012-10-29,8.475519308437429
2012-10-30,8.47309061372533
2012-10-31,8.470662270029257
2012-11-01,8.468234424486301
2012-11-02,8.465807224214661
2012-11-03,8.463380816303195
2012-11-04,8.46095534780098
2012-11-05,8.458530965706805
2012-11-06,8.456107816958703
2012-11-07,8.45368604842344
2012-11-08,8.451265806885985
2012-11-09,8.448847239038992
2012-11-10,8.446430491472244
2012-11-11,8.444015710662107
2012-11-12,8.441603042960962
2012-11-13,8.439192634586629
2012-11-14,8.43678463161178
2012-11-15,8.434379179953364
2012-11-16,8.431976425362002
2012-11-17,8.42957651341136
2012-11-18,8.427179589487581
2012-11-19,8.424785798778643
2012-11-20,8.422395286263736
2012-11-21,8.420008196702684
2012-11-22,8.417624674625255
2012-11-23,8.415244864320607
2012-11-24,8.412868909826622
2012-11-25,8.410496954919257
2012-11-26,8.408129143102009
2012-11-27,8.405765617595211
2012-11-28,8.403406521325435
2012-11-29,8.401051996914912
2012-11-30,8.39870218667086
2012-12-01,8.396357232574942
2012-12-02,8.394017276272635
2012-12-03,8.391682459062643
2012-12-04,8.389352921886296
2012-12-05,8.387028805317026
2012-12-06,8.384710249549736
2012-12-07,8.3823973943903
2012-12-08,8.380090379245
2012-12-09,8.37778934310996
2012-12-10,8.37549442456069
2012-12-11,8.373205761741543
2012-12-12,8.370923492355223
2012-12-13,8.368647753652334
2012-12-14,8.366378682420883
2012-12-15,8.364116414975893
2012-12-16,8.361861087148926
2012-12-17,8.359612834277709
2012-12-18,8.357371791195744
2012-12-19,8.355138092221942
2012-12-20,8.352911871150294
2012-12-21,8.35069326123952
2012-12-22,8.34848239520281
2012-12-23,8.34627940519752
2012-12-24,8.344084422814946
2012-12-25,8.341897579070089
2012-12-26,8.339719004391487
2012-12-27,8.337548828610988
2012-12-28,8.33538718095369
2012-12-29,8.333234190027769
2012-12-30,8.331089983814422
2012-12-31,8.328954689657817
2013-01-01,8.326828434255093
2013-01-02,8.324711343646348
2013-01-03,8.322603543204693
2013-01-04,8.32050515762636
2013-01-05,8.318416310920824
2013-01-06,8.316337126400887
2013-01-07,8.31426772667297
2013-01-08,8.31220823362728
2013-01-09,8.310158768428092
2013-01-10,8.308119451504082
2013-01-11,8.30609040253864
2013-01-12,8.30407174046028
2013-01-13,8.302063583433084
2013-01-14,8.300066048847146
2013-01-15,8.298079253309123
2013-01-16,8.296103312632777
2013-01-17,8.294138341829594
2013-01-18,8.292184455099456
2013-01-19,8.29024176582131
2013-01-20,8.28831038654394
2013-01-21,8.286390428976766
2013-01-22,8.284482003980713
2013-01-23,8.282585221559062
2013-01-24,8.28070019084845
2013-01-25,8.278827020109858
2013-01-26,8.276965816719645
2013-01-27,8.275116687160715
2013-01-28,8.273279737013619
2013-01-29,8.271455070947821
2013-01-30,8.269642792712961
2013-01-31,8.267843005130182
2013-02-01,8.266055810083532
2013-02-02,8.264281308511425
2013-02-03,8.26251960039814
2013-02-04,8.26077078476537
2013-02-05,8.259034959663913
2013-02-06,8.257312222165302
2013-02-07,8.255602668353628
2013-02-08,8.253906393317287
2013-02-09,8.25222349114093
2013-02-10,8.250554054897378
2013-02-11,8.248898176639663
2013-02-12,8.247255947393064
2013-02-13,8.245627457147323
2013-02-14,8.244012794848807
2013-02-15,8.242412048392834
2013-02-16,8.240825304616001
2013-02-17,8.239252649288641
2013-02-18,8.237694167107293
2013-02-19,8.236149941687291
2013-02-20,8.234620055555403
2013-02-21,8.233104590142553
2013-02-22,8.231603625776593
2013-02-23,8.230117241675202
2013-02-24,8.228645515938796
2013-02-25,8.22718852554357
2013-02-26,8.22574634633456
2013-02-27,8.22431905301886
2013-02-28,8.222906719158857
2013-03-01,8.221509417165526
2013-03-02,8.2201272182919
2013-03-03,8.218760192626519
2013-03-04,8.217408409087016
2013-03-05,8.216071935413767
2013-03-06,8.214750838163635
2013-03-07,8.21344518270377
2013-03-08,8.212155033205558
2013-03-09,8.210880452638547
2013-03-10,8.209621502764572
2013-03-11,8.208378244131897
2013-03-12,8.207150736069433
2013-03-13,8.205939036681135
2013-03-14,8.204743202840342
2013-03-15,8.203563290184361
2013-03-16,8.202399353109024
2013-03-17,8.20125144476337
2013-03-18,8.200119617044459
2013-03-19,8.199003920592196
2013-03-20,8.197904404784328
2013-03-21,8.19682111773147
2013-03-22,8.195754106272267
2013-03-23,8.194703415968615
2013-03-24,8.193669091101016
2013-03-25,8.192651174663979
2013-03-26,8.191649708361545
2013-03-27,8.190664732602919
2013-03-28,8.189696286498144
2013-03-29,8.188744407853964
2013-03-30,8.18780913316968
2013-03-31,8.186890497633167
2013-04-01,8.185988535116975
2013-04-02,8.185103278174523
2013-04-03,8.184234758036425
2013-04-04,8.18338300460682
2013-04-05,8.18254804645994
2013-04-06,8.18172991083666
2013-04-07,8.180928623641202
2013-04-08,8.180144209437966
2013-04-09,8.179376691448368
2013-04-10,8.178626091547892
2013-04-11,8.177892430263197
2013-04-12,8.17717572676928
2013-04-13,8.176475998886827
2013-04-14,8.175793263079608
2013-04-15,8.175127534451997
2013-04-16,8.174478826746599
2013-04-17,8.173847152341997
2013-04-18,8.173232522250526
2013-04-19,8.172634946116276
2013-04-20,8.172054432213116
2013-04-21,8.17149098744281
2013-04-22,8.170944617333337
2013-04-23,8.170415326037205
2013-04-24,8.169903116329943
2013-04-25,8.16940798960867
2013-04-26,8.16892994589081
2013-04-27,8.16846898381286
2013-04-28,8.16802510062929
2013-04-29,8.167598292211581
2013-04-30,8.167188553047346
2013-05-01,8.166795876239512
2013-05-02,8.166420253505729
2013-05-03,8.166061675177794
2013-05-04,8.165720130201194
2013-05-05,8.165395606134794
2013-05-06,8.165088089150617
2013-05-07,8.164797564033735
2013-05-08,8.164524014182266
2013-05-09,8.16426742160752
2013-05-10,8.164027766934158
2013-05-11,8.163805029400612
2013-05-12,8.163599186859454
2013-05-13,8.163410215778027
2013-05-14,8.163238091239048
2013-05-15,8.163082786941466
2013-05-16,8.162944275201287
2013-05-17,8.162822526952631
2013-05-18,8.16271751174883
2013-05-19,8.16262919776368
2013-05-20,8.162557551792759
2013-05-21,8.162502539254906
2013-05-22,8.16246412419379
2013-05-23,8.16244226927959
2013-05-24,8.162436935810774
2013-05-25,8.162448083716045
2013-05-26,8.162475671556349
2013-05-27,8.16251965652698
2013-05-28,8.162579994459861
2013-05-29,8.162656639825911
2013-05-30,8.162749545737471
2013-05-31,8.162858663950946
2013-06-01,8.162983944869469
2013-06-02,8.163125337545722
2013-06-03,8.163282789684851
2013-06-04,8.163456247647527
2013-06-05,8.163645656453069
2013-06-06,8.16385095978272
2013-06-07,8.164072099983011
2013-06-08,8.164309018069254
2013-06-09,8.16456165372915
2013-06-10,8.164829945326474
2013-06-11,8.165113829904909
2013-06-12,8.165413243192004
2013-06-13,8.165728119603166
2013-06-14,8.16605839224588
2013-06-15,8.16640399292392
2013-06-16,8.166764852141764
2013-06-17,8.167140899109077
2013-06-18,8.167532061745293
2013-06-19,8.167938266684345
2013-06-20,8.1683594392795
2013-06-21,8.16879550360825
2013-06-22,8.169246382477377
2013-06-23,8.169711997428115
2013-06-24,8.170192268741385
2013-06-25,8.170687115443165
2013-06-26,8.171196455309998
2013-06-27,8.171720204874534
2013-06-28,8.172258279431265
2013-06-29,8.1728105930423
2013-06-30,8.173377058543272
2013-07-01,8.173957587549367
2013-07-02,8.174552090461443
2013-07-03,8.175160476472273
2013-07-04,8.175782653572838
2013-07-05,8.176418528558818
2013-07-06,8.177068007037096
2013-07-07,8.177730993432451
2013-07-08,8.178407390994266
2013-07-09,8.179097101803432
2013-07-10,8.179800026779281
2013-07-11,8.180516065686662
2013-07-12,8.18124511714311
2013-07-13,8.181987078626115
2013-07-14,8.182741846480527
2013-07-15,8.183509315925955
2013-07-16,8.184289381064424
2013-07-17,8.185081934887997
2013-07-18,8.18588686928658
2013-07-19,8.186704075055792
2013-07-20,8.187533441904918
2013-07-21,8.188374858465028
2013-07-22,8.189228212297074
2013-07-24,8.190093389900241
2013-07-25,8.190970276720256
2013-07-26,8.191858757157862
2013-07-27,8.19275871457737
2013-07-28,8.19367003131534
2013-07-29,8.194592588689282
2013-07-30,8.195526267006521
2013-07-31,8.196470945573124
2013-08-01,8.197426502702928
2013-08-02,8.198392815726656
2013-08-03,8.199369761001115
2013-08-04,8.200357213918508
2013-08-05,8.201355048915822
2013-08-06,8.20236313948429
2013-08-07,8.203381358178984
2013-08-08,8.204409576628436
2013-08-09,8.20544766554443
2013-08-10,8.206495494731765
2013-08-11,8.207552933098214
2013-08-12,8.208619848664531
2013-08-13,8.209696108574484
2013-08-14,8.210781579105085
2013-08-15,8.211876125676792
2013-08-16,8.212979612863862
2013-08-17,8.214091904404757
2013-08-18,8.215212863212667
2013-08-19,8.216342351386015
2013-08-20,8.217480230219197
2013-08-21,8.218626360213243
2013-08-22,8.21978060108668
2013-08-23,8.220942811786372
2013-08-24,8.222112850498501
2013-08-25,8.22329057465961
2013-08-26,8.224475840967699
2013-08-27,8.225668505393426
2013-08-28,8.226868423191338
2013-08-29,8.228075448911218
2013-08-30,8.22928943640948
2013-08-31,8.230510238860639
2013-09-01,8.231737708768824
2013-09-02,8.23297169797943
2013-09-03,8.234212057690739
2013-09-04,8.235458638465694
2013-09-05,8.236711290243694
2013-09-06,8.237969862352443
2013-09-07,8.239234203519917
2013-09-08,8.240504161886319
2013-09-09,8.24177958501617
2013-09-10,8.243060319910398
2013-09-11,8.24434621301853
2013-09-12,8.245637110250925
2013-09-13,8.246932856991066
2013-09-14,8.248233298107884
2013-09-15,8.249538277968227
2013-09-16,8.25084764044924
2013-09-17,8.252161228950946
2013-09-18,8.253478886408768
2013-09-19,8.254800455306167
2013-09-20,8.256125777687327
2013-09-21,8.257454695169821
2013-09-22,8.258787048957464
2013-09-23,8.260122679853017
2013-09-24,8.261461428271165
2013-09-25,8.262803134251335
2013-09-26,8.264147637470701
2013-09-27,8.265494777257173
2013-09-28,8.266844392602406
2013-09-29,8.268196322174912
2013-09-30,8.269550404333167
2013-10-01,8.270906477138771
2013-10-02,8.272264378369655
2013-10-03,8.273623945533306
2013-10-04,8.274985015880041
2013-10-05,8.276347426416319
2013-10-06,8.277711013918069
2013-10-07,8.279075614944075
2013-10-08,8.28044106584938
2013-10-09,8.281807202798698
2013-10-10,8.283173861779929
2013-10-11,8.284540878617596
2013-10-12,8.285908088986393
2013-10-13,8.287275328424744
2013-10-14,8.288642432348334
2013-10-15,8.290009236063737
2013-10-16,8.291375574782037
2013-10-17,8.292741283632434
2013-10-18,8.294106197675932
2013-10-19,8.295470151919014
2013-10-20,8.296832981327325
2013-10-21,8.2981945208394
2013-10-22,8.299554605380381
2013-10-23,8.300913069875776
2013-10-24,8.302269749265193
2013-10-25,8.303624478516147
2013-10-26,8.304977092637788
2013-10-27,8.306327426694763
2013-10-28,8.307675315820926
2013-10-29,8.309020595233227
2013-10-30,8.310363100245466
2013-10-31,8.311702666282162
2013-11-01,8.313039128892335
2013-11-02,8.314372323763333
2013-11-03,8.315702086734714
2013-11-04,8.31702825381198
2013-11-05,8.318350661180475
2013-11-06,8.319669145219198
2013-11-07,8.320983542514622
2013-11-08,8.32229368987447
2013-11-09,8.323599424341602
2013-11-10,8.324900583207752
2013-11-11,8.326197004027353
2013-11-12,8.327488524631356
2013-11-13,8.32877498314094
2013-11-14,8.330056217981328
2013-11-15,8.331332067895522
2013-11-16,8.332602371958066
2013-11-17,8.33386696958871
2013-11-18,8.335125700566207
2013-11-19,8.336378405041934
2013-11-20,8.33762492355357
2013-11-21,8.338865097038777
2013-11-22,8.340098766848836
2013-11-23,8.341325774762197
2013-11-24,8.342545962998127
2013-11-25,8.343759174230247
2013-11-26,8.344965251600042
2013-11-27,8.346164038730421
2013-11-28,8.347355379739136
2013-11-29,8.348539119252289
2013-11-30,8.349715102417687
2013-12-01,8.350883174918291
2013-12-02,8.352043182985522
2013-12-03,8.353194973412604
2013-12-04,8.354338393567854
2013-12-05,8.355473291407886
2013-12-06,8.356599515490888
2013-12-07,8.357716914989714
2013-12-08,8.35882533970509
2013-12-09,8.359924640078633
2013-12-10,8.36101466720595
2013-12-11,8.362095272849604
2013-12-12,8.363166309452112
2013-12-13,8.364227630148777
2013-12-14,8.365279088780646
2013-12-15,8.366320539907278
2013-12-16,8.367351838819479
2013-12-17,8.36837284155207
2013-12-18,8.369383404896544
2013-12-19,8.370383386413629
2013-12-20,8.371372644445893
2013-12-21,8.372351038130223
2013-12-22,8.373318427410254
2013-12-23,8.374274673048781
2013-12-24,8.37521963664008
2013-12-25,8.37615318062215
2013-12-26,8.377075168288943
2013-12-27,8.377985463802522
2013-12-28,8.378883932205078
2013-12-29,8.379770439431017
2013-12-30,8.380644852318884
2013-12-31,8.381507038623214
2014-01-01,8.382356867026402
2014-01-02,8.383194207150408
2014-01-03,8.38401892956846
2014-01-04,8.38483090581664
2014-01-05,8.38563000840542
2014-01-07,8.38641611083115
2014-01-08,8.387189087587398
2014-01-09,8.387948814176312
2014-01-10,8.3886951671198
2014-01-11,8.389428023970723
2014-01-12,8.390147263323975
2014-01-13,8.390852764827468
2014-01-14,8.391544409193035
2014-01-15,8.392222078207322
2014-01-16,8.392885654742477
2014-01-17,8.393535022766851
2014-01-18,8.394170067355601
2014-01-19,8.39479067470116
2014-01-20,8.395396732123656
2014-01-21,8.395988128081248
2014-01-22,8.396564752180366
2014-01-23,8.397126495185839
2014-01-24,8.397673249030982
2014-01-25,8.398204906827521
2014-01-26,8.398721362875508
2014-01-27,8.399222512673063
2014-01-28,8.399708252926102
2014-01-29,8.400178481557898
2014-01-30,8.400633097718538
2014-01-31,8.401072001794413
2014-02-01,8.401495095417443
2014-02-02,8.401902281474287
2014-02-03,8.402293464115465
2014-02-04,8.402668548764316
2014-02-05,8.403027442125975
2014-02-06,8.403370052196058
2014-02-07,8.40369628826944
2014-02-08,8.404006060948813
2014-02-09,8.404299282153142
2014-02-10,8.404575865126088
2014-02-11,8.404835724444235
2014-02-12,8.40507877602527
2014-02-13,8.405304937136053
2014-02-14,8.405514126400526
2014-02-15,8.405706263807557
2014-02-16,8.405881270718684
2014-02-17,8.40603906987571
2014-02-18,8.406179585408175
2014-02-19,8.406302742840815
2014-02-20,8.40640846910074
2014-02-21,8.406496692524676
2014-02-22,8.40656734286595
2014-02-23,8.406620351301447
2014-02-24,8.406655650438402
2014-02-25,8.406673174321103
2014-02-26,8.406672858437444
2014-02-27,8.40665463972542
2014-02-28,8.406618456579437
2014-03-01,8.406564248856505
2014-03-02,8.40649195788237
2014-03-03,8.406401526457467
2014-03-04,8.406292898862793
2014-03-05,8.406166020865603
2014-03-06,8.406020839725034
2014-03-07,8.405857304197573
2014-03-08,8.405675364542443
2014-03-09,8.40547497252681
2014-03-10,8.40525608143088
2014-03-11,8.405018646052898
2014-03-12,8.40476262271401
2014-03-13,8.404487969262954
2014-03-14,8.404194645080679
2014-03-15,8.403882611084837
2014-03-16,8.403551829734063
2014-03-17,8.403202265032252
2014-03-18,8.402833882532606
2014-03-19,8.402446649341591
2014-03-20,8.402040534122742
2014-03-21,8.401615507100407
2014-03-22,8.40117154006322
2014-03-23,8.400708606367617
2014-03-24,8.40022668094106
2014-03-25,8.399725740285241
2014-03-26,8.399205762479081
2014-03-27,8.398666727181649
2014-03-28,8.398108615634898
2014-03-29,8.397531410666316
2014-03-30,8.396935096691386
2014-03-31,8.396319659715981
2014-04-01,8.395685087338567
2014-04-02,8.395031368752255
2014-04-03,8.394358494746816
2014-04-04,8.393666457710442
2014-04-05,8.39295525163146
2014-04-06,8.392224872099822
2014-04-07,8.391475316308584
2014-04-08,8.39070658305508
2014-04-09,8.389918672742134
2014-04-10,8.38911158737901
2014-04-11,8.388285330582283
2014-04-12,8.38743990757651
2014-04-13,8.386575325194872
2014-04-14,8.385691591879587
2014-04-15,8.384788717682184
2014-04-16,8.383866714263709
2014-04-17,8.38292559489471
2014-04-18,8.381965374455152
2014-04-19,8.380986069434163
2014-04-20,8.379987697929588
2014-04-21,8.378970279647536
2014-04-22,8.37793383590165
2014-04-23,8.376878389612322
2014-04-24,8.375803965305739
2014-04-25,8.37471058911279
2014-04-26,8.373598288767829
2014-04-27,8.372467093607352
2014-04-28,8.371317034568408
2014-04-29,8.370148144187052
2014-04-30,8.368960456596477
2014-05-01,8.367754007525134
2014-05-02,8.366528834294666
2014-05-03,8.365284975817689
2014-05-04,8.364022472595455
2014-05-05,8.36274136671539
2014-05-06,8.361441701848452
2014-05-07,8.360123523246404
2014-05-08,8.358786877738876
2014-05-09,8.357431813730381
2014-05-10,8.356058381197089
2014-05-11,8.354666631683582
2014-05-12,8.35325661829934
2014-05-13,8.351828395715215
2014-05-14,8.350382020159666
2014-05-15,8.348917549414915
2014-05-16,8.347435042812982
2014-05-17,8.34593456123149
2014-05-18,8.344416167089445
2014-05-19,8.342879924342839
2014-05-20,8.341325898480056
2014-05-21,8.339754156517243
2014-05-22,8.338164766993497
2014-05-23,8.3365577999659
2014-05-24,8.33493332700445
2014-05-25,8.333291421186845
2014-05-26,8.331632157093148
2014-05-27,8.329955610800274
2014-05-28,8.328261859876427
2014-05-29,8.32655098337531
2014-05-30,8.324823061830257
2014-05-31,8.323078177248236
2014-06-01,8.32131641310371
2014-06-02,8.31953785433235
2014-06-03,8.317742587324616
2014-06-04,8.315930699919303
2014-06-05,8.314102281396776
2014-06-06,8.31225742247226
2014-06-07,8.310396215288879
2014-06-08,8.308518753410631
2014-06-09,8.306625131815196
2014-06-10,8.304715446886666
2014-06-11,8.302789796408083
2014-06-12,8.300848279553936
2014-06-13,8.298890996882413
2014-06-14,8.29691805032767
2014-06-15,8.294929543191868
2014-06-16,8.292925580137139
2014-06-17,8.290906267177416
2014-06-18,8.288871711670131
2014-06-19,8.2868220223078
2014-06-20,8.284757309109533
2014-06-21,8.282677683412304
2014-06-22,8.28058325786224
2014-06-23,8.278474146405706
2014-06-24,8.27635046428031
2014-06-25,8.274212328005744
2014-06-26,8.272059855374575
2014-06-27,8.269893165442877
2014-06-28,8.267712378520777
2014-06-29,8.26551761616281
2014-06-30,8.263309001158285
2014-07-01,8.261086657521448
2014-07-02,8.25885071048155
2014-07-03,8.256601286472796
2014-07-04,8.254338513124262
2014-07-05,8.252062519249582
2014-07-06,8.249773434836595
2014-07-07,8.247471391036921
2014-07-08,8.245156520155295
2014-07-09,8.242828955638986
2014-07-10,8.24048883206694
2014-07-11,8.238136285138916
2014-07-12,8.235771451664485
2014-07-13,8.23339446955195
2014-07-14,8.231005477797108
2014-07-15,8.228604616472005
2014-07-16,8.226192026713488
2014-07-17,8.223767850711763
2014-07-18,8.22133223169875
2014-07-19,8.21888531393641
2014-07-20,8.216427242704995
2014-07-21,8.213958164291123
2014-07-22,8.211478225975803
2014-07-23,8.20898757602243
2014-07-24,8.206486363664558
2014-07-25,8.20397473909368
2014-07-26,8.201452853446888
2014-07-27,8.198920858794484
2014-07-28,8.196378908127393
2014-07-29,8.193827155344641
2014-07-30,8.191265755240607
2014-07-31,8.18869486349231
2014-08-01,8.186114636646515
2014-08-02,8.183525232106833
2014-08-03,8.18092680812066
2014-08-04,8.17831952376616
2014-08-05,8.175703538939011
2014-08-06,8.173079014339217
2014-08-07,8.170446111457744
2014-08-08,8.167804992563138
2014-08-09,8.16515582068804
2014-08-10,8.16249875961565
2014-08-11,8.159833973866096
2014-08-12,8.157161628682745
2014-08-13,8.154481890018463
2014-08-14,8.151794924521752
2014-08-15,8.14910089952288
2014-08-16,8.146399983019924
2014-08-17,8.143692343664732
2014-08-18,8.140978150748825
2014-08-19,8.138257574189286
2014-08-20,8.135530784514508
2014-08-21,8.13279795284994
2014-08-22,8.130059250903756
2014-08-23,8.127314850952487
2014-08-24,8.124564925826524
2014-08-25,8.12180964889569
2014-08-26,8.119049194054643
2014-08-27,8.11628373570829
2014-08-29,8.113513448757121
2014-08-30,8.110738508582536
2014-08-31,8.10795909103205
2014-09-01,8.105175372404537
2014-09-02,8.102387529435354
2014-09-03,8.099595739281465
2014-09-04,8.096800179506511
2014-09-05,8.094001028065843
2014-09-06,8.091198463291484
2014-09-07,8.088392663877094
2014-09-08,8.085583808862896
2014-09-09,8.0827720776205
2014-09-10,8.079957649837779
2014-09-11,8.077140705503673
2014-09-12,8.074321424892938
2014-09-13,8.071499988550888
2014-09-14,8.068676577278135
2014-09-15,8.065851372115219
2014-09-16,8.063024554327326
2014-09-17,8.060196305388855
2014-09-18,8.057366806968055
2014-09-19,8.054536240911595
2014-09-20,8.051704789229145
2014-09-21,8.048872634077878
2014-09-22,8.046039957747015
2014-09-23,8.043206942642316
2014-09-24,8.040373771270595
2014-09-25,8.037540626224132
2014-09-26,8.03470769016518
2014-09-27,8.031875145810407
2014-09-28,8.029043175915305
2014-09-29,8.026211963258637
2014-09-30,8.023381690626856
2014-10-01,8.020552540798485
2014-10-02,8.01772469652857
2014-10-03,8.014898340533044
2014-10-04,8.01207365547314
2014-10-05,8.009250823939798
2014-10-06,8.006430028438055
2014-10-07,8.003611451371446
2014-10-08,8.000795275026398
2014-10-09,7.997981681556672
2014-10-10,7.995170852967733
2014-10-11,7.992362971101188
2014-10-12,7.989558217619276
2014-10-13,7.986756773989181
2014-10-14,7.983958821467613
2014-10-15,7.9811645410852
2014-10-16,7.978374113630974
2014-10-17,7.975587719636908
2014-10-18,7.972805539362373
2014-10-19,7.9700277527787105
2014-10-20,7.967254539553761
2014-10-21,7.964486079036434
2014-10-22,7.9617225502413405
2014-10-23,7.958964131833352
2014-10-24,7.9562110021122985
2014-10-25,7.953463338997594
2014-10-26,7.950721320012969
2014-10-27,7.947985122271195
2014-10-28,7.94525492245883
2014-10-29,7.942530896821015
2014-10-30,7.939813221146316
2014-10-31,7.9371020707515525
2014-11-01,7.934397620466719
2014-11-02,7.931700044619923
2014-11-03,7.929009517022347
2014-11-04,7.9263262109532615
2014-11-05,7.923650299145086
2014-11-06,7.9209819537684805
2014-11-07,7.918321346417528
2014-11-08,7.91566864809487
2014-11-09,7.913024029196964
2014-11-10,7.9103876594993805
2014-11-11,7.90775970814213
2014-11-12,7.905140343615076
2014-11-13,7.9025297337433145
2014-11-14,7.89992804567271
2014-11-15,7.8973354458554486
2014-11-16,7.894752100035634
2014-11-17,7.8921781732349405
2014-11-18,7.889613829738343
2014-11-19,7.887059233079897
2014-11-20,7.884514546028591
2014-11-21,7.881979930574241
2014-11-22,7.879455547913484
2014-11-23,7.876941558435781
2014-11-24,7.874438121709547
2014-11-25,7.871945396468317
2014-11-26,7.869463540596983
2014-11-27,7.8669927111181135
2014-11-28,7.864533064178337
2014-11-29,7.862084755034782
2014-11-30,7.859647938041616
2014-12-01,7.857222766636679
2014-12-02,7.854809393328131
2014-12-03,7.852407969681223
2014-12-04,7.850018646305155
2014-12-05,7.847641572839975
2014-12-06,7.8452768979435845
2014-12-07,7.842924769278859
2014-12-08,7.840585333500755
2014-12-09,7.838258736243621
2014-12-10,7.835945122108513
2014-12-11,7.833644634650615
2014-12-12,7.831357416366776
2014-12-13,7.829083608683118
2014-12-14,7.826823351942714
2014-12-15,7.824576785393379
2014-12-16,7.8223440471755845
2014-12-17,7.820125274310389
2014-12-18,7.817920602687562
2014-12-19,7.815730167053713
2014-12-20,7.813554101000559
2014-12-21,7.811392536953334
2014-12-22,7.809245606159194
2014-12-23,7.807113438675834
2014-12-24,7.804996163360113
2014-12-25,7.802893907856856
2014-12-26,7.800806798587726
2014-12-27,7.79873496074019
2014-12-28,7.79667851825659
2014-12-29,7.794637593823399
2014-12-30,7.792612308860424
2014-12-31,7.790602783510314
2015-01-01,7.788609136628015
2015-01-02,7.786631485770421
2015-01-03,7.784669947186103
2015-01-04,7.782724635805201
2015-01-05,7.780795665229345
2015-01-06,7.778883147721767
2015-01-07,7.776987194197495
2015-01-08,7.7751079142136685
2015-01-09,7.773245415959952
2015-01-10,7.7713998062491285
2015-01-11,7.76957119050772
2015-01-12,7.7677596727668075
2015-01-13,7.765965355652948
2015-01-14,7.764188340379181
2015-01-15,7.762428726736207
2015-01-16,7.76068661308366
2015-01-17,7.758962096341484
2015-01-18,7.757255271981506
2015-01-19,7.755566234019076
2015-01-20,7.753895075004816
2015-01-21,7.75224188601656
2015-01-22,7.750606756651383
2015-01-23,7.74898977501777
2015-01-24,7.747391027727895
2015-01-25,7.745810599890037
2015-01-26,7.744248575101181
2015-01-27,7.742705035439658
2015-01-28,7.741180061457997
2015-01-29,7.739673732175838
2015-01-30,7.7381861250730655
2015-01-31,7.736717316082993
2015-02-01,7.735267379585746
2015-02-02,7.733836388401719
2015-02-03,7.732424413785232
2015-02-04,7.731031525418293
2015-02-06,7.729657791404482
2015-02-07,7.728303278262999
2015-02-08,7.7269680509228555
2015-02-09,7.725652172717163
2015-02-10,7.724355705377624
2015-02-11,7.723078709029112
2015-02-12,7.7218212421843795
2015-02-13,7.720583361739001
2015-02-14,7.719365122966354
2015-02-15,7.718166579512772
2015-02-16,7.7169877833928755
2015-02-17,7.715828784985012
2015-02-18,7.714689633026835
2015-02-19,7.713570374611063
2015-02-20,7.712471055181343
2015-02-21,7.711391718528279
2015-02-22,7.710332406785618
2015-02-23,7.70929316042652
2015-02-24,7.708274018260081
2015-02-25,7.707275017427878
2015-02-26,7.706296193400796
2015-02-27,7.7053375799758514
2015-02-28,7.7043992092733
2015-03-01,7.703481111733791
2015-03-02,7.702583316115742
2015-03-03,7.701705849492803
2015-03-04,7.700848737251519
2015-03-05,7.700012003089107
2015-03-06,7.699195669011378
2015-03-07,7.698399755330875
2015-03-08,7.697624280665003
2015-03-09,7.696869261934564
2015-03-10,7.696134714362127
2015-03-11,7.695420651470837
2015-03-12,7.694727085083184
2015-03-13,7.694054025319998
2015-03-14,7.693401480599586
2015-03-15,7.692769457637008
2015-03-16,7.692157961443527
2015-03-17,7.691566995326152
2015-03-18,7.690996560887422
2015-03-19,7.690446658025242
2015-03-20,7.689917284932964
2015-03-21,7.689408438099515
2015-03-22,7.688920112309784
2015-03-23,7.688452300645064
2015-03-24,7.6880049944837285
2015-03-25,7.687578183501977
2015-03-26,7.6871718556748
2015-03-27,7.686785997277041
2015-03-28,7.686420592884657
2015-03-29,7.6860756253760805
2015-03-30,7.68575107593378
2015-03-31,7.68544692404592
2015-04-01,7.685163147508211
2015-04-02,7.6848997224258895
2015-04-03,7.684656623215868
2015-04-04,7.684433822608979
2015-04-05,7.68423129165246
2015-04-06,7.684048999712479
2015-04-07,7.683886914476908
2015-04-08,7.683745001958191
2015-04-09,7.683623226496348
2015-04-10,7.683521550762168
2015-04-11,7.6834399357605365
2015-04-12,7.683378340833887
2015-04-13,7.683336723665819
2015-04-14,7.683315040284876
2015-04-15,7.683313245068438
2015-04-16,7.683331290746785
2015-04-17,7.6833691284072865
2015-04-18,7.683426707498757
2015-04-19,7.683503975835955
2015-04-20,7.683600879604194
2015-04-21,7.683717363364147
2015-04-22,7.683853370056747
2015-04-23,7.684008841008261
2015-04-24,7.6841837159355215
2015-04-25,7.684377932951244
2015-04-26,7.684591428569528
2015-04-27,7.68482413771151
2015-04-28,7.685075993711125
2015-04-29,7.6853469283210325
2015-04-30,7.685636871718646
2015-05-01,7.685945752512359
2015-05-02,7.686273497747885
2015-05-03,7.686620032914672
2015-05-04,7.686985281952588
2015-05-05,7.687369167258624
2015-05-06,7.6877716096937885
2015-05-07,7.688192528590114
2015-05-08,7.688631841757836
2015-05-09,7.689089465492678
2015-05-10,7.689565314583237
2015-05-11,7.6900593023186055
2015-05-12,7.690571340496019
2015-05-13,7.691101339428656
2015-05-14,7.691649207953656
2015-05-15,7.692214853440149
2015-05-16,7.692798181797476
2015-05-17,7.693399097483558
2015-05-18,7.6940175035133525
2015-05-19,7.694653301467433
2015-05-20,7.6953063915007345
2015-05-21,7.695976672351414
2015-05-22,7.6966640413497815
2015-05-23,7.697368394427466
2015-05-24,7.69808962612659
2015-05-25,7.698827629609137
2015-05-26,7.699582296666405
2015-05-27,7.700353517728621
2015-05-28,7.70114118187464
2015-05-29,7.7019451768417575
2015-05-30,7.702765389035707
2015-05-31,7.703601703540664
2015-06-01,7.70445400412947
2015-06-02,7.705322173273926
2015-06-03,7.706206092155194
2015-06-04,7.707105640674337
2015-06-05,7.708020697462944
2015-06-06,7.708951139893904
2015-06-07,7.709896844092262
2015-06-08,7.710857684946177
2015-06-09,7.711833536118032
2015-06-10,7.7128242700556
2015-06-11,7.713829758003364
2015-06-12,7.714849870013898
2015-06-13,7.715884474959402
2015-06-14,7.716933440543324
2015-06-15,7.7179966333120085
2015-06-16,7.719073918666596
2015-06-17,7.720165160874907
2015-06-18,7.721270223083463
2015-06-19,7.7223889673296
2015-06-20,7.723521254553708
2015-06-21,7.724666944611505
2015-06-22,7.7258258962864765
2015-06-23,7.726997967302358
2015-06-24,7.728183014335764
2015-06-25,7.729380893028814
2015-06-26,7.730591458002
2015-06-27,7.731814562866938
2015-06-28,7.733050060239442
2015-06-29,7.734297801752494
2015-06-30,7.735557638069398
2015-07-01,7.73682941889699
2015-07-02,7.738112992998955
2015-07-03,7.739408208209174
2015-07-04,7.740714911445238
2015-07-05,7.742032948721952
2015-07-06,7.7433621651649425
2015-07-07,7.744702405024427
2015-07-08,7.746053511688939
2015-07-09,7.7474153276991675
2015-07-10,7.748787694761942
2015-07-11,7.750170453764185
2015-07-12,7.751563444786989
2015-07-13,7.752966507119787
2015-07-14,7.754379479274524
2015-07-15,7.755802198999974
2015-07-16,7.757234503296047
2015-07-17,7.758676228428244
2015-07-18,7.760127209942081
2015-07-19,7.761587282677666
2015-07-20,7.763056280784284
2015-07-21,7.764534037735043
2015-07-22,7.766020386341613
2015-07-23,7.767515158768984
2015-07-24,7.769018186550301
2015-07-25,7.770529300601757
2015-07-26,7.772048331237496
2015-07-27,7.773575108184671
2015-07-28,7.775109460598424
2015-07-29,7.776651217076984
2015-07-30,7.778200205676835
2015-07-31,7.7797562539278795
2015-08-01,7.781319188848674
2015-08-02,7.782888836961682
2015-08-03,7.78446502430863
2015-08-04,7.786047576465837
2015-08-05,7.787636318559606
2015-08-06,7.789231075281677
2015-08-07,7.790831670904699
2015-08-08,7.792437929297705
2015-08-09,7.7940496739417116
2015-08-10,7.795666727945239
2015-08-11,7.797288914059937
2015-08-12,7.798916054696226
2015-08-13,7.800547971938957
2015-08-14,7.802184487563096
2015-08-15,7.8038254230494575
2015-08-16,7.805470599600399
2015-08-17,7.807119838155675
2015-08-18,7.808772959408114
2015-08-19,7.810429783819498
2015-08-20,7.8120901316363724
2015-08-21,7.81375382290587
2015-08-22,7.815420677491575
2015-08-23,7.817090515089394
2015-08-24,7.818763155243445
2015-08-25,7.820438417361954
2015-08-26,7.822116120733149
2015-08-27,7.823796084541177
2015-08-28,7.825478127882031
2015-08-29,7.827162069779489
2015-08-30,7.828847729201
2015-08-31,7.830534925073683
2015-09-01,7.832223476300202
2015-09-02,7.833913201774749
2015-09-03,7.835603920398928
2015-09-04,7.837295451097749
2015-09-05,7.838987612835499
2015-09-06,7.840680224631684
2015-09-07,7.842373105576971
2015-09-08,7.8440660748490405
2015-09-09,7.845758951728518
2015-09-10,7.847451555614855
2015-09-11,7.849143706042182
2015-09-12,7.850835222695201
2015-09-13,7.852525925424983
2015-09-14,7.854215634264822
2015-09-15,7.8559041694460445
2015-09-16,7.857591351413775
2015-09-17,7.8592770008427015
2015-09-18,7.8609609386528465
2015-09-19,7.862642986025255
2015-09-20,7.86432296441769
2015-09-21,7.866000695580325
2015-09-22,7.867676001571344
2015-09-23,7.869348704772569
2015-09-24,7.871018627905031
2015-09-25,7.872685594044523
2015-09-26,7.874349426637096
2015-09-27,7.876009949514553
2015-09-28,7.87766698690985
2015-09-29,7.8793203634725435
2015-09-30,7.880969904284109
2015-10-01,7.882615434873288
2015-10-02,7.884256781231344
2015-10-03,7.885893769827334
2015-10-04,7.887526227623218
2015-10-05,7.889153982089125
2015-10-06,7.890776861218314
2015-10-07,7.892394693542331
2015-10-08,7.894007308145909
2015-10-09,7.89561453468202
2015-10-10,7.897216203386639
2015-10-11,7.8988121450937046
2015-10-13,7.900402191249819
2015-10-14,7.901986173928989
2015-10-15,7.903563925847331
2015-10-16,7.905135280377619
2015-10-17,7.906700071563881
2015-10-18,7.9082581341358384
2015-10-19,7.9098093035233665
2015-10-20,7.9113534158708285
2015-10-21,7.9128903080513755
2015-10-22,7.9144198176811535
2015-10-23,7.91594178313348
2015-10-24,7.917456043552905
2015-10-25,7.918962438869249
2015-10-26,7.920460809811524
2015-10-27,7.9219509979218135
2015-10-28,7.923432845569054
2015-10-29,7.924906195962784
2015-10-30,7.926370893166727
2015-10-31,7.927826782112428
2015-11-01,7.929273708612662
2015-11-02,7.9307115193748805
2015-11-03,7.932140062014543
2015-11-04,7.933559185068298
2015-11-05,7.9349687380072105
2015-11-06,7.9363685712497585
2015-11-07,7.937758536174863
2015-11-08,7.939138485134755
2015-11-09,7.94050827146781
2015-11-10,7.941867749511227
2015-11-11,7.943216774613681
2015-11-12,7.944555203147832
2015-11-13,7.945882892522784
2015-11-14,7.947199701196421
2015-11-15,7.948505488687649
2015-11-16,7.9498001155885785
2015-11-17,7.951083443576536
2015-11-18,7.952355335426045
2015-11-19,7.953615655020685
2015-11-20,7.954864267364855
2015-11-21,7.9561010385953965
2015-11-22,7.957325835993183
2015-11-23,7.95853852799455
2015-11-24,7.9597389842026285
2015-11-25,7.960927075398619
2015-11-26,7.962102673552877
2015-11-27,7.963265651835982
2015-11-28,7.964415884629614
2015-11-29,7.965553247537395
2015-11-30,7.966677617395545
2015-12-01,7.967788872283527
2015-12-02,7.968886891534426
2015-12-03,7.969971555745418
2015-12-04,7.971042746787919
2015-12-05,7.972100347817796
2015-12-06,7.973144243285297
2015-12-07,7.974174318945021
2015-12-08,7.97519046186568
2015-12-09,7.976192560439716
2015-12-10,7.977180504392914
2015-12-11,7.9781541847937705
2015-12-12,7.979113494062818
2015-12-13,7.9800583259818
2015-12-14,7.980988575702744
2015-12-15,7.981904139756859
2015-12-16,7.982804916063402
2015-12-17,7.983690803938304
2015-12-18,7.984561704102767
2015-12-19,7.985417518691703
2015-12-20,7.986258151262029
2015-12-21,7.987083506800834
2015-12-22,7.987893491733473
2015-12-23,7.98868801393142
2015-12-24,7.98946698272016
2015-12-25,7.990230308886759
2015-12-26,7.990977904687468
2015-12-27,7.991709683855062
2015-12-28,7.992425561606153
2015-12-29,7.993125454648327
2015-12-30,7.993809281187127
2015-12-31,7.994476960932918
2016-01-01,7.9951284151076605
2016-01-02,7.995763566451462
2016-01-03,7.996382339229081
2016-01-04,7.996984659236222
2016-01-05,7.997570453805783
2016-01-06,7.998139651813828
2016-01-07,7.99869218368558
2016-01-08,7.999227981401158
2016-01-09,7.999746978501248
2016-01-10,8.000249110092552
2016-01-11,8.000734312853236
2016-01-12,8.001202525038078
2016-01-13,8.001653686483575
2016-01-14,8.002087738612888
2016-01-15,8.00250462444066
2016-01-16,8.002904288577643
2016-01-17,8.00328667723524
2016-01-18,8.003651738229863
2016-01-19,8.003999420987194
2016-01-20,8.004329676546247
2016-01-21,8.004642457563335
